-- phpMyAdmin SQL Dump
-- version 4.8.3
-- https://www.phpmyadmin.net/
--
-- Host: localhost:3306
-- Generation Time: Dec 04, 2018 at 12:48 AM
-- Server version: 5.6.41
-- PHP Version: 7.2.7

SET SQL_MODE = "NO_AUTO_VALUE_ON_ZERO";
SET AUTOCOMMIT = 0;
START TRANSACTION;
SET time_zone = "+00:00";


/*!40101 SET @OLD_CHARACTER_SET_CLIENT=@@CHARACTER_SET_CLIENT */;
/*!40101 SET @OLD_CHARACTER_SET_RESULTS=@@CHARACTER_SET_RESULTS */;
/*!40101 SET @OLD_COLLATION_CONNECTION=@@COLLATION_CONNECTION */;
/*!40101 SET NAMES utf8mb4 */;

--
-- Database: `hobbiess_db`
--

-- --------------------------------------------------------

--
-- Table structure for table `account_upgrade_requests`
--

CREATE TABLE `account_upgrade_requests` (
  `AccountUpgradeRequestID` int(11) NOT NULL,
  `UserID` int(11) NOT NULL,
  `TypeID` int(11) NOT NULL,
  `AmountPaid` float NOT NULL,
  `AmountToBePaid` float NOT NULL,
  `ReceiptImage` varchar(255) NOT NULL,
  `Status` enum('pending','approved') NOT NULL,
  `CreatedAt` date NOT NULL
) ENGINE=InnoDB DEFAULT CHARSET=utf8;

-- --------------------------------------------------------

--
-- Table structure for table `account_upgrade_requests_new`
--

CREATE TABLE `account_upgrade_requests_new` (
  `AccountUpgradeRequestID` int(11) NOT NULL,
  `UserID` int(11) NOT NULL,
  `Status` enum('Pending','Approved','Rejected') NOT NULL DEFAULT 'Pending',
  `CreatedAt` varchar(255) NOT NULL
) ENGINE=MyISAM DEFAULT CHARSET=utf8;

--
-- Dumping data for table `account_upgrade_requests_new`
--

INSERT INTO `account_upgrade_requests_new` (`AccountUpgradeRequestID`, `UserID`, `Status`, `CreatedAt`) VALUES
(1, 78, 'Approved', '1543494525'),
(2, 79, 'Approved', '1543508598'),
(3, 77, 'Pending', '1543572935');

-- --------------------------------------------------------

--
-- Table structure for table `badges`
--

CREATE TABLE `badges` (
  `BadgeID` int(11) NOT NULL,
  `Image` varchar(255) NOT NULL,
  `SortOrder` int(11) NOT NULL,
  `Hide` tinyint(4) NOT NULL,
  `IsActive` tinyint(4) NOT NULL,
  `CreatedAt` datetime NOT NULL,
  `UpdatedAt` datetime NOT NULL,
  `CreatedBy` int(11) NOT NULL,
  `UpdatedBy` int(11) NOT NULL
) ENGINE=MyISAM DEFAULT CHARSET=utf8;

--
-- Dumping data for table `badges`
--

INSERT INTO `badges` (`BadgeID`, `Image`, `SortOrder`, `Hide`, `IsActive`, `CreatedAt`, `UpdatedAt`, `CreatedBy`, `UpdatedBy`) VALUES
(1, 'uploads/images/8203512502018111609201713-award-512.png', 0, 0, 1, '2018-11-15 08:52:38', '2018-11-19 12:03:00', 1, 1),
(2, 'uploads/images/695229870220181116092418badge-schooled.png', 1, 0, 1, '2018-11-16 09:18:24', '2018-11-19 12:03:17', 1, 1),
(3, 'uploads/images/8682271872120181116090519ambassador_large.png', 2, 0, 1, '2018-11-16 09:19:05', '2018-11-19 12:03:27', 1, 1),
(4, 'uploads/images/2598263430120181116095619badges05-512.png', 3, 0, 1, '2018-11-16 09:19:56', '2018-11-19 12:03:41', 1, 1);

-- --------------------------------------------------------

--
-- Table structure for table `badges_text`
--

CREATE TABLE `badges_text` (
  `BadgeTextID` int(11) NOT NULL,
  `BadgeID` int(11) NOT NULL,
  `Title` varchar(255) NOT NULL,
  `Description` text NOT NULL,
  `SystemLanguageID` int(11) NOT NULL,
  `CreatedAt` datetime NOT NULL,
  `UpdatedAt` datetime NOT NULL,
  `CreatedBy` int(11) NOT NULL,
  `UpdatedBy` int(11) NOT NULL
) ENGINE=MyISAM DEFAULT CHARSET=utf8;

--
-- Dumping data for table `badges_text`
--

INSERT INTO `badges_text` (`BadgeTextID`, `BadgeID`, `Title`, `Description`, `SystemLanguageID`, `CreatedAt`, `UpdatedAt`, `CreatedBy`, `UpdatedBy`) VALUES
(1, 1, 'Badge 1', '<ul><li>1st line of description</li><li>2nd line</li><li>3rd line</li></ul>', 1, '2018-11-15 08:52:38', '2018-11-19 12:03:00', 1, 1),
(2, 2, 'Badge 2', '<ul><li>1st line of description</li><li>2nd line</li><li>3rd line</li></ul>', 1, '2018-11-16 09:18:24', '2018-11-19 12:03:17', 1, 1),
(3, 3, 'Badge 3', '<ul><li>1st line of description</li><li>2nd line</li><li>3rd line</li></ul>', 1, '2018-11-16 09:19:05', '2018-11-19 12:03:27', 1, 1),
(4, 4, 'Badge 4', '<ul><li>1st line of description</li><li>2nd line</li><li>3rd line</li></ul>', 1, '2018-11-16 09:19:56', '2018-11-19 12:03:41', 1, 1);

-- --------------------------------------------------------

--
-- Table structure for table `badge_requests`
--

CREATE TABLE `badge_requests` (
  `BadgeRequestID` int(11) NOT NULL,
  `UserID` int(11) NOT NULL,
  `BadgeID` int(11) NOT NULL,
  `Status` enum('Pending','Approved','Rejected') NOT NULL DEFAULT 'Pending',
  `SortOrder` int(11) NOT NULL,
  `Hide` tinyint(4) NOT NULL,
  `IsActive` tinyint(4) NOT NULL,
  `CreatedAt` datetime NOT NULL,
  `UpdatedAt` datetime NOT NULL,
  `CreatedBy` int(11) NOT NULL,
  `UpdatedBy` int(11) NOT NULL
) ENGINE=MyISAM DEFAULT CHARSET=utf8;

--
-- Dumping data for table `badge_requests`
--

INSERT INTO `badge_requests` (`BadgeRequestID`, `UserID`, `BadgeID`, `Status`, `SortOrder`, `Hide`, `IsActive`, `CreatedAt`, `UpdatedAt`, `CreatedBy`, `UpdatedBy`) VALUES
(1, 78, 2, 'Approved', 0, 0, 0, '0000-00-00 00:00:00', '0000-00-00 00:00:00', 0, 0),
(2, 78, 1, 'Approved', 0, 0, 0, '0000-00-00 00:00:00', '0000-00-00 00:00:00', 0, 0),
(3, 77, 1, 'Approved', 0, 0, 0, '0000-00-00 00:00:00', '0000-00-00 00:00:00', 0, 0);

-- --------------------------------------------------------

--
-- Table structure for table `badge_request_attachments`
--

CREATE TABLE `badge_request_attachments` (
  `BadgeRequestAttachmentID` int(11) NOT NULL,
  `BadgeRequestID` int(11) NOT NULL,
  `Attachment` mediumtext NOT NULL
) ENGINE=MyISAM DEFAULT CHARSET=utf8;

--
-- Dumping data for table `badge_request_attachments`
--

INSERT INTO `badge_request_attachments` (`BadgeRequestAttachmentID`, `BadgeRequestID`, `Attachment`) VALUES
(1, 1, 'uploads/badge_request_attachments/image.11543488158.jpg'),
(2, 2, 'uploads/badge_request_attachments/image.11543490001.jpg');

-- --------------------------------------------------------

--
-- Table structure for table `categories`
--

CREATE TABLE `categories` (
  `CategoryID` int(11) NOT NULL,
  `ParentID` int(11) NOT NULL,
  `SortOrder` int(11) NOT NULL,
  `Image` varchar(255) NOT NULL,
  `Hide` tinyint(4) NOT NULL,
  `IsActive` tinyint(4) NOT NULL,
  `CreatedAt` datetime NOT NULL,
  `UpdatedAt` datetime NOT NULL,
  `CreatedBy` int(11) NOT NULL,
  `UpdatedBy` int(11) NOT NULL
) ENGINE=InnoDB DEFAULT CHARSET=utf8;

--
-- Dumping data for table `categories`
--

INSERT INTO `categories` (`CategoryID`, `ParentID`, `SortOrder`, `Image`, `Hide`, `IsActive`, `CreatedAt`, `UpdatedAt`, `CreatedBy`, `UpdatedBy`) VALUES
(75, 16, 0, '', 0, 1, '2017-02-05 11:23:04', '0000-00-00 00:00:00', 0, 0),
(76, 16, 0, '', 0, 1, '2017-02-05 11:23:14', '0000-00-00 00:00:00', 0, 0),
(77, 17, 0, '', 0, 1, '2017-02-05 11:23:22', '0000-00-00 00:00:00', 0, 0),
(78, 18, 0, '', 0, 1, '2017-02-05 23:18:09', '0000-00-00 00:00:00', 0, 0),
(79, 30, 0, '', 0, 1, '2017-02-05 23:18:17', '0000-00-00 00:00:00', 0, 0),
(80, 17, 0, '', 0, 1, '2018-03-17 13:06:32', '0000-00-00 00:00:00', 0, 0),
(81, 20, 0, '', 0, 1, '2018-03-17 19:06:12', '0000-00-00 00:00:00', 0, 0),
(82, 20, 0, '', 0, 1, '2018-03-17 19:06:36', '0000-00-00 00:00:00', 0, 0),
(83, 19, 0, '', 0, 1, '2018-03-21 01:21:46', '0000-00-00 00:00:00', 0, 0),
(84, 24, 0, '', 0, 1, '2018-03-21 01:23:38', '0000-00-00 00:00:00', 0, 0),
(85, 24, 1, '', 0, 1, '2018-03-21 01:23:53', '0000-00-00 00:00:00', 0, 0),
(86, 24, 2, '', 0, 1, '2018-03-21 01:24:12', '0000-00-00 00:00:00', 0, 0),
(87, 24, 3, '', 0, 1, '2018-03-21 01:24:49', '0000-00-00 00:00:00', 0, 0),
(88, 27, 0, '', 0, 1, '2018-03-22 10:36:25', '0000-00-00 00:00:00', 0, 0),
(89, 27, 0, '', 0, 1, '2018-03-22 10:38:32', '0000-00-00 00:00:00', 0, 0),
(90, 27, 3, '', 0, 1, '2018-03-22 10:43:11', '0000-00-00 00:00:00', 0, 0),
(91, 19, 0, '', 0, 1, '2018-04-19 11:44:42', '0000-00-00 00:00:00', 0, 0),
(92, 30, 0, '', 0, 1, '2018-04-19 11:48:38', '0000-00-00 00:00:00', 0, 0),
(93, 30, 0, '', 0, 1, '2018-04-19 11:49:42', '0000-00-00 00:00:00', 0, 0),
(94, 32, 1, '', 0, 1, '2018-05-01 07:56:48', '0000-00-00 00:00:00', 0, 0),
(95, 43, 1, '', 0, 1, '2018-06-03 15:51:52', '0000-00-00 00:00:00', 0, 0),
(96, 43, 2, '', 0, 1, '2018-06-03 15:52:03', '0000-00-00 00:00:00', 0, 0),
(97, 43, 3, '', 0, 1, '2018-06-03 15:52:13', '0000-00-00 00:00:00', 0, 0),
(98, 43, 4, '', 0, 1, '2018-06-03 15:52:21', '0000-00-00 00:00:00', 0, 0),
(99, 43, 5, '', 0, 1, '2018-06-03 15:52:35', '0000-00-00 00:00:00', 0, 0),
(100, 34, 1, '', 0, 1, '2018-06-03 17:43:11', '0000-00-00 00:00:00', 0, 0),
(101, 34, 2, '', 0, 1, '2018-06-03 17:43:27', '0000-00-00 00:00:00', 0, 0),
(102, 34, 3, '', 0, 1, '2018-06-03 17:43:48', '0000-00-00 00:00:00', 0, 0),
(103, 34, 4, '', 0, 1, '2018-06-03 17:43:58', '0000-00-00 00:00:00', 0, 0),
(104, 34, 5, '', 0, 1, '2018-06-03 17:44:19', '0000-00-00 00:00:00', 0, 0),
(105, 35, 1, '', 0, 1, '2018-06-03 17:45:02', '0000-00-00 00:00:00', 0, 0),
(106, 35, 2, '', 0, 1, '2018-06-03 17:45:12', '0000-00-00 00:00:00', 0, 0),
(107, 35, 3, '', 0, 1, '2018-06-03 17:45:44', '0000-00-00 00:00:00', 0, 0),
(108, 36, 1, '', 0, 1, '2018-06-03 17:47:03', '0000-00-00 00:00:00', 0, 0),
(109, 36, 2, '', 0, 1, '2018-06-03 17:47:15', '0000-00-00 00:00:00', 0, 0),
(110, 36, 3, '', 0, 1, '2018-06-03 17:47:29', '0000-00-00 00:00:00', 0, 0),
(111, 36, 4, '', 0, 1, '2018-06-03 17:47:44', '0000-00-00 00:00:00', 0, 0),
(112, 36, 5, '', 0, 1, '2018-06-03 17:47:57', '0000-00-00 00:00:00', 0, 0),
(113, 37, 1, '', 0, 1, '2018-06-03 17:52:10', '0000-00-00 00:00:00', 0, 0),
(114, 37, 2, '', 0, 1, '2018-06-03 17:52:24', '0000-00-00 00:00:00', 0, 0),
(115, 37, 3, '', 0, 1, '2018-06-03 17:53:02', '0000-00-00 00:00:00', 0, 0),
(116, 37, 4, '', 0, 1, '2018-06-03 17:53:30', '0000-00-00 00:00:00', 0, 0),
(117, 37, 5, '', 0, 1, '2018-06-03 17:53:43', '0000-00-00 00:00:00', 0, 0),
(118, 38, 1, '', 0, 1, '2018-06-03 17:54:58', '0000-00-00 00:00:00', 0, 0),
(119, 38, 0, '', 0, 1, '2018-06-03 17:55:05', '0000-00-00 00:00:00', 0, 0),
(120, 38, 2, '', 0, 1, '2018-06-03 17:55:17', '0000-00-00 00:00:00', 0, 0),
(121, 38, 3, '', 0, 1, '2018-06-03 17:55:30', '0000-00-00 00:00:00', 0, 0),
(122, 38, 4, '', 0, 1, '2018-06-03 17:55:51', '0000-00-00 00:00:00', 0, 0),
(123, 38, 5, '', 0, 1, '2018-06-03 17:56:09', '0000-00-00 00:00:00', 0, 0),
(124, 39, 1, '', 0, 1, '2018-06-03 17:56:55', '0000-00-00 00:00:00', 0, 0),
(125, 39, 2, '', 0, 1, '2018-06-03 17:57:07', '0000-00-00 00:00:00', 0, 0),
(126, 39, 3, '', 0, 1, '2018-06-03 17:57:23', '0000-00-00 00:00:00', 0, 0),
(127, 39, 4, '', 0, 1, '2018-06-03 17:57:36', '0000-00-00 00:00:00', 0, 0),
(128, 39, 5, '', 0, 1, '2018-06-03 17:57:48', '0000-00-00 00:00:00', 0, 0),
(129, 39, 6, '', 0, 1, '2018-06-03 17:58:05', '0000-00-00 00:00:00', 0, 0),
(130, 40, 1, '', 0, 1, '2018-06-03 18:01:17', '0000-00-00 00:00:00', 0, 0),
(131, 40, 2, '', 0, 1, '2018-06-03 18:01:29', '0000-00-00 00:00:00', 0, 0),
(132, 40, 3, '', 0, 1, '2018-06-03 18:01:54', '0000-00-00 00:00:00', 0, 0),
(133, 40, 4, '', 0, 1, '2018-06-03 18:02:02', '0000-00-00 00:00:00', 0, 0),
(134, 40, 5, '', 0, 1, '2018-06-03 18:02:57', '0000-00-00 00:00:00', 0, 0),
(135, 40, 5, '', 0, 1, '2018-06-03 18:03:00', '0000-00-00 00:00:00', 0, 0),
(136, 42, 1, '', 0, 1, '2018-06-03 18:08:54', '0000-00-00 00:00:00', 0, 0),
(137, 42, 2, '', 0, 1, '2018-06-03 18:09:14', '0000-00-00 00:00:00', 0, 0),
(138, 42, 3, '', 0, 1, '2018-06-03 18:09:28', '0000-00-00 00:00:00', 0, 0),
(139, 42, 0, '', 0, 1, '2018-06-03 18:10:38', '0000-00-00 00:00:00', 0, 0),
(140, 42, 5, '', 0, 1, '2018-06-03 18:11:35', '0000-00-00 00:00:00', 0, 0),
(141, 45, 1, '', 0, 1, '2018-06-03 18:12:57', '0000-00-00 00:00:00', 0, 0),
(142, 45, 2, '', 0, 1, '2018-06-03 18:13:16', '0000-00-00 00:00:00', 0, 0),
(143, 45, 3, '', 0, 1, '2018-06-03 18:14:16', '0000-00-00 00:00:00', 0, 0),
(144, 45, 4, '', 0, 1, '2018-06-03 18:14:30', '0000-00-00 00:00:00', 0, 0),
(145, 45, 5, '', 0, 1, '2018-06-03 18:14:40', '0000-00-00 00:00:00', 0, 0),
(146, 50, 1, '', 0, 1, '2018-06-03 18:16:08', '0000-00-00 00:00:00', 0, 0),
(147, 50, 2, '', 0, 1, '2018-06-03 18:16:33', '0000-00-00 00:00:00', 0, 0),
(148, 50, 3, '', 0, 1, '2018-06-03 18:17:12', '0000-00-00 00:00:00', 0, 0),
(149, 50, 4, '', 0, 1, '2018-06-03 18:18:01', '0000-00-00 00:00:00', 0, 0),
(150, 46, 1, '', 0, 1, '2018-06-03 18:19:57', '0000-00-00 00:00:00', 0, 0),
(151, 46, 2, '', 0, 1, '2018-06-03 18:20:10', '0000-00-00 00:00:00', 0, 0),
(152, 74, 1, '', 0, 1, '2018-06-11 15:26:09', '0000-00-00 00:00:00', 0, 0),
(153, 74, 1, '', 0, 1, '2018-06-11 15:26:59', '0000-00-00 00:00:00', 0, 0),
(154, 70, 1, '', 0, 1, '2018-06-25 16:39:27', '0000-00-00 00:00:00', 0, 0),
(155, 70, 1, '', 0, 1, '2018-06-25 16:39:56', '0000-00-00 00:00:00', 0, 0),
(156, 70, 1, '', 0, 1, '2018-06-25 16:40:53', '0000-00-00 00:00:00', 0, 0),
(157, 43, 1, '', 0, 1, '2018-07-20 11:24:24', '0000-00-00 00:00:00', 0, 0),
(158, 34, 1, '', 0, 1, '2018-09-12 07:47:29', '0000-00-00 00:00:00', 0, 0),
(159, 34, 0, '', 0, 1, '2018-09-12 08:08:48', '0000-00-00 00:00:00', 0, 0),
(161, 0, 1, 'uploads/images/328406424620181103110109water-activities.jpg', 0, 1, '2018-11-03 11:09:01', '2018-11-03 11:09:01', 1, 1),
(162, 161, 2, 'uploads/images/4387621900520181103110523water-activities.jpg', 0, 1, '2018-11-03 11:14:11', '2018-11-03 11:23:05', 1, 1),
(163, 161, 3, 'uploads/images/4359687795420181103114521powerboating.jpg', 0, 1, '2018-11-03 11:14:38', '2018-11-03 11:21:45', 1, 1),
(164, 161, 4, 'uploads/images/5856727803920181103113721diving.jpg', 0, 1, '2018-11-03 11:15:05', '2018-11-03 11:21:37', 1, 1),
(165, 161, 5, 'uploads/images/657274940120181103114020sailing.jpg', 0, 1, '2018-11-03 11:20:40', '2018-11-03 11:20:40', 1, 1),
(166, 161, 6, 'uploads/images/5498347602120181103110521jetskying.jpg', 0, 1, '2018-11-03 11:21:05', '2018-11-03 11:21:05', 1, 1);

-- --------------------------------------------------------

--
-- Table structure for table `categories_text`
--

CREATE TABLE `categories_text` (
  `CategoryTextID` int(11) NOT NULL,
  `CategoryID` int(11) NOT NULL,
  `Title` varchar(255) NOT NULL,
  `SystemLanguageID` int(11) NOT NULL,
  `CreatedAt` datetime NOT NULL,
  `UpdatedAt` datetime NOT NULL,
  `CreatedBy` int(11) NOT NULL,
  `UpdatedBy` int(11) NOT NULL
) ENGINE=InnoDB DEFAULT CHARSET=utf8;

--
-- Dumping data for table `categories_text`
--

INSERT INTO `categories_text` (`CategoryTextID`, `CategoryID`, `Title`, `SystemLanguageID`, `CreatedAt`, `UpdatedAt`, `CreatedBy`, `UpdatedBy`) VALUES
(41, 75, 'Samsung', 1, '2017-02-05 11:23:04', '0000-00-00 00:00:00', 0, 0),
(42, 76, 'Hawaie', 1, '2017-02-05 11:23:14', '0000-00-00 00:00:00', 0, 0),
(43, 77, 'Samsung', 1, '2017-02-05 11:23:22', '0000-00-00 00:00:00', 0, 0),
(44, 78, 'IPhone', 1, '2017-02-05 23:18:09', '0000-00-00 00:00:00', 0, 0),
(45, 79, 'Domestic Tour', 1, '2017-02-05 23:18:17', '0000-00-00 00:00:00', 0, 0),
(46, 80, 'Oppo', 1, '2018-03-17 13:06:32', '0000-00-00 00:00:00', 0, 0),
(47, 81, 'Stitched', 1, '2018-03-17 19:06:12', '0000-00-00 00:00:00', 0, 0),
(48, 82, 'Unstitched', 1, '2018-03-17 19:06:36', '0000-00-00 00:00:00', 0, 0),
(49, 83, 'Laptop Accessories', 1, '2018-03-21 01:21:46', '0000-00-00 00:00:00', 0, 0),
(50, 84, 'Handbags', 1, '2018-03-21 01:23:38', '0000-00-00 00:00:00', 0, 0),
(51, 85, 'Clothing', 1, '2018-03-21 01:23:53', '0000-00-00 00:00:00', 0, 0),
(52, 86, 'Cosmectics', 1, '2018-03-21 01:24:12', '0000-00-00 00:00:00', 0, 0),
(53, 87, 'Others', 1, '2018-03-21 01:24:49', '0000-00-00 00:00:00', 0, 0),
(54, 88, 'Cars', 1, '2018-03-22 10:36:25', '0000-00-00 00:00:00', 0, 0),
(55, 89, 'Trucks', 1, '2018-03-22 10:38:32', '0000-00-00 00:00:00', 0, 0),
(56, 90, 'Bikes', 1, '2018-03-22 10:43:11', '0000-00-00 00:00:00', 0, 0),
(57, 91, 'Mobile Accessories', 1, '2018-04-19 11:44:42', '0000-00-00 00:00:00', 0, 0),
(58, 92, 'International Tour', 1, '2018-04-19 11:48:38', '0000-00-00 00:00:00', 0, 0),
(59, 93, 'Hajj Umrah Tour', 1, '2018-04-19 11:49:42', '0000-00-00 00:00:00', 0, 0),
(60, 94, 'Saloon', 1, '2018-05-01 07:56:48', '0000-00-00 00:00:00', 0, 0),
(61, 95, 'Women', 1, '2018-06-03 15:51:52', '0000-00-00 00:00:00', 0, 0),
(62, 96, 'Men', 1, '2018-06-03 15:52:03', '0000-00-00 00:00:00', 0, 0),
(63, 97, 'Girls', 1, '2018-06-03 15:52:13', '0000-00-00 00:00:00', 0, 0),
(64, 98, 'Boys', 1, '2018-06-03 15:52:21', '0000-00-00 00:00:00', 0, 0),
(65, 99, 'Baby', 1, '2018-06-03 15:52:35', '0000-00-00 00:00:00', 0, 0),
(66, 100, 'Hand Mixers', 1, '2018-06-03 17:43:11', '0000-00-00 00:00:00', 0, 0),
(67, 101, 'Coffee Machines', 1, '2018-06-03 17:43:27', '0000-00-00 00:00:00', 0, 0),
(68, 102, 'Toasters', 1, '2018-06-03 17:43:48', '0000-00-00 00:00:00', 0, 0),
(69, 103, 'Air Conditioners & Accessories', 1, '2018-06-03 17:43:58', '0000-00-00 00:00:00', 0, 0),
(70, 104, 'Ceiling Fans & Accessories', 1, '2018-06-03 17:44:19', '0000-00-00 00:00:00', 0, 0),
(71, 105, 'Brain & Puzzle Games', 1, '2018-06-03 17:45:02', '0000-00-00 00:00:00', 0, 0),
(72, 106, 'Simulation Games', 1, '2018-06-03 17:45:12', '0000-00-00 00:00:00', 0, 0),
(73, 107, 'Action Games', 1, '2018-06-03 17:45:44', '0000-00-00 00:00:00', 0, 0),
(74, 108, 'Beading & Jewelry Making', 1, '2018-06-03 17:47:03', '0000-00-00 00:00:00', 0, 0),
(75, 109, 'Fabric Decorating', 1, '2018-06-03 17:47:15', '0000-00-00 00:00:00', 0, 0),
(76, 110, 'Knitting & Crochet', 1, '2018-06-03 17:47:29', '0000-00-00 00:00:00', 0, 0),
(77, 111, 'Scrapbooking & Stamping', 1, '2018-06-03 17:47:44', '0000-00-00 00:00:00', 0, 0),
(78, 112, 'Party Decorations & Supplies', 1, '2018-06-03 17:47:57', '0000-00-00 00:00:00', 0, 0),
(79, 113, 'Performance Parts & Accessories', 1, '2018-06-03 17:52:10', '0000-00-00 00:00:00', 0, 0),
(80, 114, 'Replacement Parts', 1, '2018-06-03 17:52:24', '0000-00-00 00:00:00', 0, 0),
(81, 115, 'Tires & Wheels', 1, '2018-06-03 17:53:02', '0000-00-00 00:00:00', 0, 0),
(82, 116, 'Tools & Equipment', 1, '2018-06-03 17:53:30', '0000-00-00 00:00:00', 0, 0),
(83, 117, 'Motorcycle & Powersports Accessories', 1, '2018-06-03 17:53:43', '0000-00-00 00:00:00', 0, 0),
(84, 118, 'Activity & Entertainment', 1, '2018-06-03 17:54:58', '0000-00-00 00:00:00', 0, 0),
(85, 119, 'Apparel & Accessories', 1, '2018-06-03 17:55:05', '0000-00-00 00:00:00', 0, 0),
(86, 120, 'Apparel & Accessories', 1, '2018-06-03 17:55:17', '0000-00-00 00:00:00', 0, 0),
(87, 121, 'Baby & Toddler Toys', 1, '2018-06-03 17:55:30', '0000-00-00 00:00:00', 0, 0),
(88, 122, 'Baby Care', 1, '2018-06-03 17:55:51', '0000-00-00 00:00:00', 0, 0),
(89, 123, 'Strollers & Accessories', 1, '2018-06-03 17:56:09', '0000-00-00 00:00:00', 0, 0),
(90, 124, 'Makeup', 1, '2018-06-03 17:56:55', '0000-00-00 00:00:00', 0, 0),
(91, 125, 'Skin Care', 1, '2018-06-03 17:57:07', '0000-00-00 00:00:00', 0, 0),
(92, 126, 'Hair Care', 1, '2018-06-03 17:57:23', '0000-00-00 00:00:00', 0, 0),
(93, 127, 'Tools & Accessories', 1, '2018-06-03 17:57:36', '0000-00-00 00:00:00', 0, 0),
(94, 128, 'Perfume & Cologne', 1, '2018-06-03 17:57:48', '0000-00-00 00:00:00', 0, 0),
(95, 129, 'Personal & Oral Care', 1, '2018-06-03 17:58:05', '0000-00-00 00:00:00', 0, 0),
(96, 130, 'Biographies & Memoirs', 1, '2018-06-03 18:01:17', '0000-00-00 00:00:00', 0, 0),
(97, 131, 'Arts & Literature', 1, '2018-06-03 18:01:29', '0000-00-00 00:00:00', 0, 0),
(98, 132, 'Historical', 1, '2018-06-03 18:01:54', '0000-00-00 00:00:00', 0, 0),
(99, 133, 'Professionals & Academics', 1, '2018-06-03 18:02:02', '0000-00-00 00:00:00', 0, 0),
(100, 134, 'Category History & Criticism', 1, '2018-06-03 18:02:57', '0000-00-00 00:00:00', 0, 0),
(101, 135, 'Mythology & Folk Tales', 1, '2018-06-03 18:03:00', '0000-00-00 00:00:00', 0, 0),
(102, 136, 'Samsung', 1, '2018-06-03 18:08:54', '0000-00-00 00:00:00', 0, 0),
(103, 137, 'Nokia', 1, '2018-06-03 18:09:14', '0000-00-00 00:00:00', 0, 0),
(104, 138, 'Oppo', 1, '2018-06-03 18:09:28', '0000-00-00 00:00:00', 0, 0),
(105, 139, 'iPhone', 1, '2018-06-03 18:10:38', '0000-00-00 00:00:00', 0, 0),
(106, 140, 'Hawaii', 1, '2018-06-03 18:11:35', '0000-00-00 00:00:00', 0, 0),
(107, 141, 'Laptops', 1, '2018-06-03 18:12:57', '0000-00-00 00:00:00', 0, 0),
(108, 142, 'Desktops', 1, '2018-06-03 18:13:16', '0000-00-00 00:00:00', 0, 0),
(109, 143, 'Monitors', 1, '2018-06-03 18:14:16', '0000-00-00 00:00:00', 0, 0),
(110, 144, 'Routers', 1, '2018-06-03 18:14:30', '0000-00-00 00:00:00', 0, 0),
(111, 145, 'Tablets', 1, '2018-06-03 18:14:40', '0000-00-00 00:00:00', 0, 0),
(112, 146, 'Gardening & lawn care', 1, '2018-06-03 18:16:08', '0000-00-00 00:00:00', 0, 0),
(113, 147, 'Outdoor Decor', 1, '2018-06-03 18:16:33', '0000-00-00 00:00:00', 0, 0),
(114, 148, 'Lawn Movers', 1, '2018-06-03 18:17:12', '0000-00-00 00:00:00', 0, 0),
(115, 149, 'Firepits & Outdoor Fireplaces', 1, '2018-06-03 18:18:01', '0000-00-00 00:00:00', 0, 0),
(116, 150, 'Online Courses', 1, '2018-06-03 18:19:57', '0000-00-00 00:00:00', 0, 0),
(117, 151, 'Short Courses', 1, '2018-06-03 18:20:10', '0000-00-00 00:00:00', 0, 0),
(118, 152, 'eyemakeup', 1, '2018-06-11 15:26:09', '0000-00-00 00:00:00', 0, 0),
(119, 153, 'lipsticks', 1, '2018-06-11 15:26:59', '0000-00-00 00:00:00', 0, 0),
(120, 154, 'BMW', 1, '2018-06-25 16:39:27', '0000-00-00 00:00:00', 0, 0),
(121, 155, 'Ferrari', 1, '2018-06-25 16:39:56', '0000-00-00 00:00:00', 0, 0),
(122, 156, 'Honda', 1, '2018-06-25 16:40:53', '0000-00-00 00:00:00', 0, 0),
(123, 157, 'brands', 1, '2018-07-20 11:24:24', '0000-00-00 00:00:00', 0, 0),
(124, 158, 'All videos', 1, '2018-09-12 07:47:29', '0000-00-00 00:00:00', 0, 0),
(125, 159, 'Electronics', 1, '2018-09-12 08:08:48', '0000-00-00 00:00:00', 0, 0),
(127, 161, 'Water Activities', 1, '2018-11-03 11:09:01', '2018-11-03 11:09:01', 1, 1),
(128, 162, 'Yachting', 1, '2018-11-03 11:14:11', '2018-11-03 11:23:06', 1, 1),
(129, 163, 'Power Boating', 1, '2018-11-03 11:14:38', '2018-11-03 11:21:45', 1, 1),
(130, 164, 'Diving', 1, '2018-11-03 11:15:05', '2018-11-03 11:21:37', 1, 1),
(131, 165, 'Sailing', 1, '2018-11-03 11:20:40', '2018-11-03 11:20:40', 1, 1),
(132, 166, 'Jetski', 1, '2018-11-03 11:21:05', '2018-11-03 11:21:05', 1, 1),
(133, 161, 'انشطة مائية', 2, '2018-11-23 07:45:32', '2018-11-23 07:45:32', 1, 1),
(134, 164, 'غوص', 2, '2018-11-23 07:46:07', '2018-11-23 07:46:07', 1, 1),
(135, 166, 'مزلجة مائية', 2, '2018-11-23 07:46:31', '2018-11-23 07:46:31', 1, 1),
(136, 163, 'قوة القوارب', 2, '2018-11-23 07:47:35', '2018-11-23 07:47:35', 1, 1),
(137, 165, 'إبحار', 2, '2018-11-23 07:48:01', '2018-11-23 07:48:01', 1, 1),
(138, 162, 'اليخوت', 2, '2018-11-23 07:48:17', '2018-11-23 07:48:17', 1, 1);

-- --------------------------------------------------------

--
-- Table structure for table `chats`
--

CREATE TABLE `chats` (
  `ChatID` int(11) NOT NULL,
  `Type` varchar(255) NOT NULL,
  `LastActivityAt` varchar(255) NOT NULL
) ENGINE=MyISAM DEFAULT CHARSET=utf8;

--
-- Dumping data for table `chats`
--

INSERT INTO `chats` (`ChatID`, `Type`, `LastActivityAt`) VALUES
(1, 'Single', '1543566333');

-- --------------------------------------------------------

--
-- Table structure for table `chat_group`
--

CREATE TABLE `chat_group` (
  `ChatGroupID` int(11) NOT NULL,
  `GroupTitle` varchar(255) NOT NULL,
  `GroupImage` varchar(255) NOT NULL,
  `ChatID` int(11) NOT NULL
) ENGINE=MyISAM DEFAULT CHARSET=utf8;

-- --------------------------------------------------------

--
-- Table structure for table `chat_group_joinees`
--

CREATE TABLE `chat_group_joinees` (
  `ChatGroupJoineeID` int(11) NOT NULL,
  `ChatGroupID` int(11) NOT NULL,
  `UserID` int(11) NOT NULL
) ENGINE=MyISAM DEFAULT CHARSET=utf8;

-- --------------------------------------------------------

--
-- Table structure for table `chat_messages`
--

CREATE TABLE `chat_messages` (
  `ChatMessageID` int(11) NOT NULL,
  `SenderID` int(11) NOT NULL,
  `ReceiverID` int(11) NOT NULL,
  `Message` text NOT NULL,
  `CreatedAt` varchar(255) NOT NULL,
  `ChatID` int(11) NOT NULL,
  `IsReadBySender` enum('no','yes') NOT NULL DEFAULT 'no',
  `IsReadByReceiver` enum('no','yes') NOT NULL DEFAULT 'no'
) ENGINE=MyISAM DEFAULT CHARSET=utf8;

--
-- Dumping data for table `chat_messages`
--

INSERT INTO `chat_messages` (`ChatMessageID`, `SenderID`, `ReceiverID`, `Message`, `CreatedAt`, `ChatID`, `IsReadBySender`, `IsReadByReceiver`) VALUES
(1, 78, 77, 'Hi how are you', '1543490458', 1, 'yes', 'yes'),
(2, 78, 77, 'i am good n u', '1543490475', 1, 'yes', 'yes'),
(3, 77, 78, 'Great', '1543490483', 1, 'yes', 'yes'),
(4, 77, 78, 'Outstanding', '1543490490', 1, 'yes', 'yes'),
(5, 78, 77, 'Hi', '1543492680', 1, 'yes', 'yes'),
(6, 78, 77, 'Hi', '1543492683', 1, 'yes', 'yes'),
(7, 78, 77, 'Hibjs', '1543492686', 1, 'yes', 'yes'),
(8, 78, 77, 'Njsjs', '1543492688', 1, 'yes', 'yes'),
(9, 78, 77, 'Nnsns', '1543492690', 1, 'yes', 'yes'),
(10, 78, 77, 'Hi nnsnsns ksnsjsj. Jsjsjsjjs', '1543566059', 1, 'yes', 'yes'),
(11, 78, 77, 'Jsjjsjs \\ud83d\\ude1d\\ud83d\\ude1d\\ud83d\\ude1d\\ud83d\\ude1d', '1543566127', 1, 'yes', 'yes'),
(12, 78, 77, '\\u0646\\u064a\\u0646\\u064a \\u0646\\u0633\\u0646\\u0633\\u0646\\u0646\\u0633 \\u0646\\u0633\\u0645\\u0633\\u0646\\u0633\\u0646', '1543566207', 1, 'yes', 'yes'),
(13, 78, 77, 'Jasiajjs \\ud83e\\udd23', '1543566222', 1, 'yes', 'yes'),
(14, 78, 77, 'Dgbvbvn', '1543566333', 1, 'yes', 'yes');

-- --------------------------------------------------------

--
-- Table structure for table `cities`
--

CREATE TABLE `cities` (
  `CityID` int(11) NOT NULL,
  `DistrictID` int(11) NOT NULL,
  `SortOrder` int(11) NOT NULL,
  `Hide` tinyint(4) NOT NULL,
  `IsActive` tinyint(4) NOT NULL,
  `CreatedAt` datetime NOT NULL,
  `UpdatedAt` datetime NOT NULL,
  `CreatedBy` int(11) NOT NULL,
  `UpdatedBy` int(11) NOT NULL
) ENGINE=InnoDB DEFAULT CHARSET=utf8;

--
-- Dumping data for table `cities`
--

INSERT INTO `cities` (`CityID`, `DistrictID`, `SortOrder`, `Hide`, `IsActive`, `CreatedAt`, `UpdatedAt`, `CreatedBy`, `UpdatedBy`) VALUES
(1, 1, 0, 0, 1, '2018-11-20 08:47:26', '2018-11-29 10:25:49', 1, 1),
(2, 1, 1, 0, 1, '2018-11-20 08:48:16', '2018-11-20 08:48:16', 1, 1),
(3, 1, 2, 0, 1, '2018-11-20 08:49:16', '2018-11-20 08:49:16', 1, 1),
(4, 1, 3, 0, 1, '2018-11-20 08:49:35', '2018-11-20 08:49:35', 1, 1),
(5, 1, 4, 0, 1, '2018-11-20 08:50:07', '2018-11-20 08:50:07', 1, 1),
(6, 1, 5, 0, 1, '2018-11-20 08:50:30', '2018-11-20 08:50:30', 1, 1),
(7, 1, 6, 0, 1, '2018-11-20 08:51:01', '2018-11-29 10:04:58', 1, 1),
(8, 1, 7, 0, 1, '2018-11-29 10:05:47', '2018-11-29 10:05:47', 1, 1),
(9, 1, 8, 0, 1, '2018-11-29 10:06:04', '2018-11-29 10:06:04', 1, 1),
(10, 1, 9, 0, 1, '2018-11-29 10:06:11', '2018-11-29 10:06:11', 1, 1),
(11, 1, 10, 0, 1, '2018-11-29 10:06:22', '2018-11-29 10:06:22', 1, 1),
(12, 1, 11, 0, 1, '2018-11-29 10:07:00', '2018-11-29 10:07:00', 1, 1),
(13, 1, 12, 0, 1, '2018-11-29 10:07:09', '2018-11-29 10:07:09', 1, 1),
(14, 1, 13, 0, 1, '2018-11-29 10:07:18', '2018-11-29 10:07:18', 1, 1),
(15, 1, 14, 0, 1, '2018-11-29 10:08:05', '2018-11-29 10:08:05', 1, 1),
(16, 1, 15, 0, 1, '2018-11-29 10:08:11', '2018-11-29 10:08:11', 1, 1),
(17, 1, 16, 0, 1, '2018-11-29 10:08:15', '2018-11-29 10:08:15', 1, 1),
(18, 1, 17, 0, 1, '2018-11-29 10:08:23', '2018-11-29 10:08:23', 1, 1),
(19, 1, 18, 0, 1, '2018-11-29 10:08:26', '2018-11-29 10:08:26', 1, 1),
(20, 1, 19, 0, 1, '2018-11-29 10:08:31', '2018-11-29 10:08:31', 1, 1),
(21, 1, 20, 0, 1, '2018-11-29 10:08:40', '2018-11-29 10:08:40', 1, 1),
(22, 1, 21, 0, 1, '2018-11-29 10:08:44', '2018-11-29 10:08:44', 1, 1),
(23, 1, 22, 0, 1, '2018-11-29 10:08:49', '2018-11-29 10:08:49', 1, 1),
(24, 1, 23, 0, 1, '2018-11-29 10:08:56', '2018-11-29 10:08:56', 1, 1),
(25, 1, 24, 0, 1, '2018-11-29 10:09:05', '2018-11-29 10:09:05', 1, 1),
(26, 1, 25, 0, 1, '2018-11-29 10:09:13', '2018-11-29 10:09:13', 1, 1),
(27, 1, 26, 0, 1, '2018-11-29 10:09:17', '2018-11-29 10:09:17', 1, 1),
(28, 1, 27, 0, 1, '2018-11-29 10:09:21', '2018-11-29 10:09:21', 1, 1),
(29, 1, 28, 0, 1, '2018-11-29 10:09:26', '2018-11-29 10:09:26', 1, 1),
(30, 1, 29, 0, 1, '2018-11-29 10:09:53', '2018-11-29 10:09:53', 1, 1),
(31, 1, 30, 0, 1, '2018-11-29 10:10:00', '2018-11-29 10:10:00', 1, 1),
(32, 1, 31, 0, 1, '2018-11-29 10:10:05', '2018-11-29 10:10:05', 1, 1),
(33, 1, 32, 0, 1, '2018-11-29 10:10:11', '2018-11-29 10:10:11', 1, 1),
(34, 1, 33, 0, 1, '2018-11-29 10:10:16', '2018-11-29 10:10:16', 1, 1),
(35, 1, 34, 0, 1, '2018-11-29 10:10:27', '2018-11-29 10:10:27', 1, 1),
(36, 1, 35, 0, 1, '2018-11-29 10:10:31', '2018-11-29 10:10:31', 1, 1),
(37, 1, 36, 0, 1, '2018-11-29 10:10:38', '2018-11-29 10:10:38', 1, 1),
(38, 1, 37, 0, 1, '2018-11-29 10:10:41', '2018-11-29 10:10:41', 1, 1),
(39, 1, 38, 0, 1, '2018-11-29 10:10:44', '2018-11-29 10:10:44', 1, 1),
(40, 1, 39, 0, 1, '2018-11-29 10:10:52', '2018-11-29 10:10:52', 1, 1),
(41, 1, 40, 0, 1, '2018-11-29 10:10:55', '2018-11-29 10:10:55', 1, 1),
(42, 1, 41, 0, 1, '2018-11-29 10:11:02', '2018-11-29 10:11:02', 1, 1),
(43, 1, 42, 0, 1, '2018-11-29 10:11:09', '2018-11-29 10:11:09', 1, 1),
(44, 1, 43, 0, 1, '2018-11-29 10:11:12', '2018-11-29 10:11:12', 1, 1),
(45, 1, 44, 0, 1, '2018-11-29 10:11:17', '2018-11-29 10:11:17', 1, 1),
(46, 1, 45, 0, 1, '2018-11-29 10:11:24', '2018-11-29 10:11:24', 1, 1),
(47, 1, 46, 0, 1, '2018-11-29 10:11:27', '2018-11-29 10:11:27', 1, 1),
(48, 1, 47, 0, 1, '2018-11-29 10:11:32', '2018-11-29 10:11:32', 1, 1),
(49, 1, 48, 0, 1, '2018-11-29 10:11:36', '2018-11-29 10:11:36', 1, 1),
(50, 1, 49, 0, 1, '2018-11-29 10:11:44', '2018-11-29 10:11:44', 1, 1),
(51, 1, 50, 0, 1, '2018-11-29 10:11:48', '2018-11-29 10:11:48', 1, 1),
(52, 1, 51, 0, 1, '2018-11-29 10:11:52', '2018-11-29 10:11:52', 1, 1),
(53, 1, 52, 0, 1, '2018-11-29 10:11:56', '2018-11-29 10:11:56', 1, 1),
(54, 1, 53, 0, 1, '2018-11-29 10:12:04', '2018-11-29 10:12:04', 1, 1),
(55, 1, 54, 0, 1, '2018-11-29 10:12:09', '2018-11-29 10:12:09', 1, 1),
(56, 1, 55, 0, 1, '2018-11-29 10:12:16', '2018-11-29 10:12:16', 1, 1),
(57, 1, 56, 0, 1, '2018-11-29 10:12:19', '2018-11-29 10:12:19', 1, 1),
(58, 1, 57, 0, 1, '2018-11-29 10:12:24', '2018-11-29 10:12:24', 1, 1),
(59, 1, 58, 0, 1, '2018-11-29 10:12:31', '2018-11-29 10:12:31', 1, 1),
(60, 1, 59, 0, 1, '2018-11-29 10:12:35', '2018-11-29 10:12:35', 1, 1),
(61, 1, 60, 0, 1, '2018-11-29 10:13:11', '2018-11-29 10:13:11', 1, 1),
(62, 1, 61, 0, 1, '2018-11-29 10:13:14', '2018-11-29 10:13:14', 1, 1),
(63, 1, 62, 0, 1, '2018-11-29 10:13:19', '2018-11-29 10:13:19', 1, 1),
(64, 1, 63, 0, 1, '2018-11-29 10:13:24', '2018-11-29 10:13:24', 1, 1),
(65, 1, 64, 0, 1, '2018-11-29 10:13:29', '2018-11-29 10:13:29', 1, 1),
(66, 1, 65, 0, 1, '2018-11-29 10:13:33', '2018-11-29 10:13:33', 1, 1),
(67, 1, 66, 0, 1, '2018-11-29 10:13:37', '2018-11-29 10:13:37', 1, 1),
(68, 1, 67, 0, 1, '2018-11-29 10:13:47', '2018-11-29 10:13:47', 1, 1),
(69, 1, 68, 0, 1, '2018-11-29 10:13:50', '2018-11-29 10:13:50', 1, 1),
(70, 1, 69, 0, 1, '2018-11-29 10:13:59', '2018-11-29 10:13:59', 1, 1),
(71, 1, 70, 0, 1, '2018-11-29 10:14:02', '2018-11-29 10:14:02', 1, 1),
(72, 1, 71, 0, 1, '2018-11-29 10:14:07', '2018-11-29 10:14:07', 1, 1),
(73, 1, 72, 0, 1, '2018-11-29 10:14:12', '2018-11-29 10:14:12', 1, 1),
(74, 1, 73, 0, 1, '2018-11-29 10:14:15', '2018-11-29 10:14:15', 1, 1),
(75, 1, 74, 0, 1, '2018-11-29 10:14:19', '2018-11-29 10:14:19', 1, 1),
(76, 1, 75, 0, 1, '2018-11-29 10:14:23', '2018-11-29 10:14:23', 1, 1),
(77, 1, 76, 0, 1, '2018-11-29 10:14:37', '2018-11-29 10:14:37', 1, 1),
(78, 1, 77, 0, 1, '2018-11-29 10:14:45', '2018-11-29 10:14:45', 1, 1),
(79, 1, 78, 0, 1, '2018-11-29 10:14:54', '2018-11-29 10:14:54', 1, 1),
(80, 1, 79, 0, 1, '2018-11-29 10:15:35', '2018-11-29 10:15:35', 1, 1),
(81, 1, 80, 0, 1, '2018-11-29 10:17:43', '2018-11-29 10:17:43', 1, 1),
(82, 1, 81, 0, 1, '2018-11-29 10:17:47', '2018-11-29 10:17:47', 1, 1),
(83, 1, 82, 0, 1, '2018-11-29 10:17:51', '2018-11-29 10:17:51', 1, 1),
(84, 1, 83, 0, 1, '2018-11-29 10:18:58', '2018-11-29 10:18:58', 1, 1),
(85, 1, 84, 0, 1, '2018-11-29 10:19:03', '2018-11-29 10:19:03', 1, 1),
(86, 1, 85, 0, 1, '2018-11-29 10:19:07', '2018-11-29 10:19:07', 1, 1),
(87, 1, 86, 0, 1, '2018-11-29 10:19:11', '2018-11-29 10:19:11', 1, 1),
(88, 1, 87, 0, 1, '2018-11-29 10:19:16', '2018-11-29 10:19:16', 1, 1),
(89, 1, 88, 0, 1, '2018-11-29 10:19:27', '2018-11-29 10:19:27', 1, 1),
(90, 1, 89, 0, 1, '2018-11-29 10:19:30', '2018-11-29 10:19:30', 1, 1),
(91, 1, 90, 0, 1, '2018-11-29 10:19:33', '2018-11-29 10:19:33', 1, 1),
(92, 1, 91, 0, 1, '2018-11-29 10:19:38', '2018-11-29 10:19:38', 1, 1),
(93, 1, 92, 0, 1, '2018-11-29 10:19:45', '2018-11-29 10:19:45', 1, 1),
(94, 1, 93, 0, 1, '2018-11-29 10:19:50', '2018-11-29 10:19:50', 1, 1),
(95, 1, 94, 0, 1, '2018-11-29 10:19:59', '2018-11-29 10:19:59', 1, 1),
(96, 1, 95, 0, 1, '2018-11-29 10:20:06', '2018-11-29 10:20:06', 1, 1),
(97, 1, 96, 0, 1, '2018-11-29 10:20:11', '2018-11-29 10:20:11', 1, 1),
(98, 1, 97, 0, 1, '2018-11-29 10:20:19', '2018-11-29 10:20:19', 1, 1),
(99, 1, 98, 0, 1, '2018-11-29 10:20:25', '2018-11-29 10:20:25', 1, 1),
(100, 1, 99, 0, 1, '2018-11-29 10:20:33', '2018-11-29 10:20:33', 1, 1),
(101, 1, 100, 0, 1, '2018-11-29 10:20:37', '2018-11-29 10:20:37', 1, 1),
(102, 1, 101, 0, 1, '2018-11-29 10:20:45', '2018-11-29 10:20:45', 1, 1),
(103, 1, 102, 0, 1, '2018-11-29 10:20:52', '2018-11-29 10:20:52', 1, 1),
(104, 1, 103, 0, 1, '2018-11-29 10:20:56', '2018-11-29 10:20:56', 1, 1),
(105, 1, 104, 0, 1, '2018-11-29 10:21:01', '2018-11-29 10:21:01', 1, 1),
(106, 1, 105, 0, 1, '2018-11-29 10:21:11', '2018-11-29 10:21:11', 1, 1),
(107, 1, 106, 0, 1, '2018-11-29 10:21:15', '2018-11-29 10:21:15', 1, 1),
(108, 1, 107, 0, 1, '2018-11-29 10:21:19', '2018-11-29 10:21:19', 1, 1),
(109, 1, 108, 0, 1, '2018-11-29 10:21:24', '2018-11-29 10:21:24', 1, 1),
(110, 1, 109, 0, 1, '2018-11-29 10:21:33', '2018-11-29 10:21:33', 1, 1);

-- --------------------------------------------------------

--
-- Table structure for table `cities_text`
--

CREATE TABLE `cities_text` (
  `CityTextID` int(11) NOT NULL,
  `CityID` int(11) NOT NULL,
  `Title` varchar(255) NOT NULL,
  `SystemLanguageID` int(11) NOT NULL,
  `CreatedAt` datetime NOT NULL,
  `UpdatedAt` datetime NOT NULL,
  `CreatedBy` int(11) NOT NULL,
  `UpdatedBy` int(11) NOT NULL
) ENGINE=InnoDB DEFAULT CHARSET=utf8;

--
-- Dumping data for table `cities_text`
--

INSERT INTO `cities_text` (`CityTextID`, `CityID`, `Title`, `SystemLanguageID`, `CreatedAt`, `UpdatedAt`, `CreatedBy`, `UpdatedBy`) VALUES
(1, 1, 'Abha', 1, '2018-11-20 08:47:26', '2018-11-29 10:25:49', 1, 1),
(2, 2, 'Ad-Dilam', 1, '2018-11-20 08:48:16', '2018-11-20 08:48:16', 1, 1),
(3, 3, 'Al-Abwa', 1, '2018-11-20 08:49:16', '2018-11-20 08:49:16', 1, 1),
(4, 4, 'Badr', 1, '2018-11-20 08:49:35', '2018-11-20 08:49:35', 1, 1),
(5, 5, 'Buraydah', 1, '2018-11-20 08:50:07', '2018-11-20 08:50:07', 1, 1),
(6, 6, 'Dammam', 1, '2018-11-20 08:50:30', '2018-11-20 08:50:30', 1, 1),
(7, 7, 'Al Artaweeiyah', 1, '2018-11-20 08:51:01', '2018-11-29 10:04:58', 1, 1),
(15, 8, 'Al Bukayriyah', 1, '2018-11-29 10:05:47', '2018-11-29 10:05:47', 1, 1),
(16, 9, 'Baljurashi', 1, '2018-11-29 10:06:04', '2018-11-29 10:06:04', 1, 1),
(17, 10, 'Bisha', 1, '2018-11-29 10:06:11', '2018-11-29 10:06:11', 1, 1),
(18, 11, 'Bareg', 1, '2018-11-29 10:06:22', '2018-11-29 10:06:22', 1, 1),
(19, 12, 'Al Bahah', 1, '2018-11-29 10:07:00', '2018-11-29 10:07:00', 1, 1),
(20, 13, 'Buq a', 1, '2018-11-29 10:07:09', '2018-11-29 10:07:09', 1, 1),
(21, 14, 'Dhahran', 1, '2018-11-29 10:07:18', '2018-11-29 10:07:18', 1, 1),
(22, 15, 'Dhurma', 1, '2018-11-29 10:08:05', '2018-11-29 10:08:05', 1, 1),
(23, 16, 'Dahaban', 1, '2018-11-29 10:08:11', '2018-11-29 10:08:11', 1, 1),
(24, 17, 'Diriyah', 1, '2018-11-29 10:08:16', '2018-11-29 10:08:16', 1, 1),
(25, 18, 'Duba', 1, '2018-11-29 10:08:23', '2018-11-29 10:08:23', 1, 1),
(26, 19, 'Dumat Al-Jandal', 1, '2018-11-29 10:08:26', '2018-11-29 10:08:26', 1, 1),
(27, 20, 'Dawadmi', 1, '2018-11-29 10:08:31', '2018-11-29 10:08:31', 1, 1),
(28, 21, 'Farasan city', 1, '2018-11-29 10:08:40', '2018-11-29 10:08:40', 1, 1),
(29, 22, 'Gatgat', 1, '2018-11-29 10:08:44', '2018-11-29 10:08:44', 1, 1),
(30, 23, 'Gerrha', 1, '2018-11-29 10:08:49', '2018-11-29 10:08:49', 1, 1),
(31, 24, 'Gurayat', 1, '2018-11-29 10:08:56', '2018-11-29 10:08:56', 1, 1),
(32, 25, 'Al-Gwei\'iyyah', 1, '2018-11-29 10:09:05', '2018-11-29 10:09:05', 1, 1),
(33, 26, 'Hautat Sudair', 1, '2018-11-29 10:09:13', '2018-11-29 10:09:13', 1, 1),
(34, 27, 'Habala', 1, '2018-11-29 10:09:17', '2018-11-29 10:09:17', 1, 1),
(35, 28, 'Hajrah', 1, '2018-11-29 10:09:21', '2018-11-29 10:09:21', 1, 1),
(36, 29, 'Haql	', 1, '2018-11-29 10:09:26', '2018-11-29 10:09:26', 1, 1),
(37, 30, 'Al-Hareeq', 1, '2018-11-29 10:09:53', '2018-11-29 10:09:53', 1, 1),
(38, 31, 'Harmah', 1, '2018-11-29 10:10:00', '2018-11-29 10:10:00', 1, 1),
(39, 32, 'Ha\'il', 1, '2018-11-29 10:10:05', '2018-11-29 10:10:05', 1, 1),
(40, 33, 'Hotat Bani Tamim', 1, '2018-11-29 10:10:11', '2018-11-29 10:10:11', 1, 1),
(41, 34, 'Hofuf', 1, '2018-11-29 10:10:16', '2018-11-29 10:10:16', 1, 1),
(42, 35, 'Huraymila', 1, '2018-11-29 10:10:27', '2018-11-29 10:10:27', 1, 1),
(43, 36, 'Hafr Al-Batin', 1, '2018-11-29 10:10:31', '2018-11-29 10:10:31', 1, 1),
(44, 37, 'Jabal Umm al Ru\'us', 1, '2018-11-29 10:10:38', '2018-11-29 10:10:38', 1, 1),
(45, 38, 'Jalajil', 1, '2018-11-29 10:10:41', '2018-11-29 10:10:41', 1, 1),
(46, 39, 'Al Jawf', 1, '2018-11-29 10:10:44', '2018-11-29 10:10:44', 1, 1),
(47, 40, 'Jeddah', 1, '2018-11-29 10:10:52', '2018-11-29 10:10:52', 1, 1),
(48, 41, 'Jizan', 1, '2018-11-29 10:10:55', '2018-11-29 10:10:55', 1, 1),
(49, 42, 'Jizan Economic City', 1, '2018-11-29 10:11:02', '2018-11-29 10:11:02', 1, 1),
(50, 43, 'Jubail', 1, '2018-11-29 10:11:09', '2018-11-29 10:11:09', 1, 1),
(51, 44, 'Al Jafr', 1, '2018-11-29 10:11:12', '2018-11-29 10:11:12', 1, 1),
(52, 45, 'Khafji', 1, '2018-11-29 10:11:17', '2018-11-29 10:11:17', 1, 1),
(53, 46, 'Khaybar', 1, '2018-11-29 10:11:24', '2018-11-29 10:11:24', 1, 1),
(54, 47, 'King Abdullah Economic City', 1, '2018-11-29 10:11:27', '2018-11-29 10:11:27', 1, 1),
(55, 48, 'Khamis Mushayt', 1, '2018-11-29 10:11:32', '2018-11-29 10:11:32', 1, 1),
(56, 49, 'Al-Saih', 1, '2018-11-29 10:11:36', '2018-11-29 10:11:36', 1, 1),
(57, 50, 'Knowledge Economic City, Medina', 1, '2018-11-29 10:11:44', '2018-11-29 10:11:44', 1, 1),
(58, 51, 'Khobar', 1, '2018-11-29 10:11:48', '2018-11-29 10:11:48', 1, 1),
(59, 52, 'Al-Khutt', 1, '2018-11-29 10:11:52', '2018-11-29 10:11:52', 1, 1),
(60, 53, 'Layla', 1, '2018-11-29 10:11:56', '2018-11-29 10:11:56', 1, 1),
(61, 54, 'Lihyan', 1, '2018-11-29 10:12:04', '2018-11-29 10:12:04', 1, 1),
(62, 55, 'Al Lith', 1, '2018-11-29 10:12:09', '2018-11-29 10:12:09', 1, 1),
(63, 56, 'Al Majma\'ah', 1, '2018-11-29 10:12:16', '2018-11-29 10:12:16', 1, 1),
(64, 57, 'Mastoorah', 1, '2018-11-29 10:12:19', '2018-11-29 10:12:19', 1, 1),
(65, 58, 'Al Mikhwah', 1, '2018-11-29 10:12:24', '2018-11-29 10:12:24', 1, 1),
(66, 59, 'Al-Mubarraz', 1, '2018-11-29 10:12:31', '2018-11-29 10:12:31', 1, 1),
(67, 60, 'Al Mawain', 1, '2018-11-29 10:12:35', '2018-11-29 10:12:35', 1, 1),
(68, 61, 'Mecca', 1, '2018-11-29 10:13:11', '2018-11-29 10:13:11', 1, 1),
(69, 62, 'Medina', 1, '2018-11-29 10:13:14', '2018-11-29 10:13:14', 1, 1),
(70, 63, 'Muzahmiyya', 1, '2018-11-29 10:13:19', '2018-11-29 10:13:19', 1, 1),
(71, 64, 'Najran', 1, '2018-11-29 10:13:24', '2018-11-29 10:13:24', 1, 1),
(72, 65, 'Al-Namas', 1, '2018-11-29 10:13:29', '2018-11-29 10:13:29', 1, 1),
(73, 66, 'Omloj', 1, '2018-11-29 10:13:33', '2018-11-29 10:13:33', 1, 1),
(74, 67, 'Al-Omran', 1, '2018-11-29 10:13:37', '2018-11-29 10:13:37', 1, 1),
(75, 68, 'Al-Oyoon', 1, '2018-11-29 10:13:47', '2018-11-29 10:13:47', 1, 1),
(76, 69, 'Qadeimah', 1, '2018-11-29 10:13:50', '2018-11-29 10:13:50', 1, 1),
(77, 70, 'Qatif', 1, '2018-11-29 10:13:59', '2018-11-29 10:13:59', 1, 1),
(78, 71, 'Qaisumah', 1, '2018-11-29 10:14:02', '2018-11-29 10:14:02', 1, 1),
(79, 72, 'Al Qunfudhah', 1, '2018-11-29 10:14:07', '2018-11-29 10:14:07', 1, 1),
(80, 73, 'Rabigh', 1, '2018-11-29 10:14:12', '2018-11-29 10:14:12', 1, 1),
(81, 74, 'Rafha', 1, '2018-11-29 10:14:15', '2018-11-29 10:14:15', 1, 1),
(82, 75, 'Ar Rass', 1, '2018-11-29 10:14:19', '2018-11-29 10:14:19', 1, 1),
(83, 76, 'Ras Tanura', 1, '2018-11-29 10:14:23', '2018-11-29 10:14:23', 1, 1),
(84, 77, 'Riyadh', 1, '2018-11-29 10:14:37', '2018-11-29 10:14:37', 1, 1),
(85, 78, 'Riyadh Al-Khabra', 1, '2018-11-29 10:14:45', '2018-11-29 10:14:45', 1, 1),
(86, 79, 'Rumailah', 1, '2018-11-29 10:14:54', '2018-11-29 10:14:54', 1, 1),
(87, 80, 'Sabt Al Alaya', 1, '2018-11-29 10:15:35', '2018-11-29 10:15:35', 1, 1),
(88, 81, 'Sarat Abidah', 1, '2018-11-29 10:17:43', '2018-11-29 10:17:43', 1, 1),
(89, 82, 'Saihat', 1, '2018-11-29 10:17:47', '2018-11-29 10:17:47', 1, 1),
(90, 83, 'Safwa city', 1, '2018-11-29 10:17:51', '2018-11-29 10:17:51', 1, 1),
(91, 84, 'Sakakah', 1, '2018-11-29 10:18:58', '2018-11-29 10:18:58', 1, 1),
(92, 85, 'Sharurah', 1, '2018-11-29 10:19:03', '2018-11-29 10:19:03', 1, 1),
(93, 86, 'Shaqraa', 1, '2018-11-29 10:19:07', '2018-11-29 10:19:07', 1, 1),
(94, 87, 'Shaybah	', 1, '2018-11-29 10:19:11', '2018-11-29 10:19:11', 1, 1),
(95, 88, 'As Sulayyil', 1, '2018-11-29 10:19:16', '2018-11-29 10:19:16', 1, 1),
(96, 89, 'Taif', 1, '2018-11-29 10:19:27', '2018-11-29 10:19:27', 1, 1),
(97, 90, 'Tabuk', 1, '2018-11-29 10:19:30', '2018-11-29 10:19:30', 1, 1),
(98, 91, 'Tanomah', 1, '2018-11-29 10:19:33', '2018-11-29 10:19:33', 1, 1),
(99, 92, 'Tarout', 1, '2018-11-29 10:19:38', '2018-11-29 10:19:38', 1, 1),
(100, 93, 'Tayma', 1, '2018-11-29 10:19:45', '2018-11-29 10:19:45', 1, 1),
(101, 94, 'Thadiq', 1, '2018-11-29 10:19:50', '2018-11-29 10:19:50', 1, 1),
(102, 95, 'Thuwal', 1, '2018-11-29 10:19:59', '2018-11-29 10:19:59', 1, 1),
(103, 96, 'Thuqbah', 1, '2018-11-29 10:20:06', '2018-11-29 10:20:06', 1, 1),
(104, 97, 'Turaif', 1, '2018-11-29 10:20:11', '2018-11-29 10:20:11', 1, 1),
(105, 98, 'Tabarjal', 1, '2018-11-29 10:20:19', '2018-11-29 10:20:19', 1, 1),
(106, 99, 'Udhailiyah', 1, '2018-11-29 10:20:25', '2018-11-29 10:20:25', 1, 1),
(107, 100, 'Al-`Ula', 1, '2018-11-29 10:20:33', '2018-11-29 10:20:33', 1, 1),
(108, 101, 'Um Al-Sahek', 1, '2018-11-29 10:20:37', '2018-11-29 10:20:37', 1, 1),
(109, 102, 'Unaizah', 1, '2018-11-29 10:20:45', '2018-11-29 10:20:45', 1, 1),
(110, 103, 'Uqair', 1, '2018-11-29 10:20:52', '2018-11-29 10:20:52', 1, 1),
(111, 104, 'Uyayna', 1, '2018-11-29 10:20:56', '2018-11-29 10:20:56', 1, 1),
(112, 105, 'Uyun AlJiwa', 1, '2018-11-29 10:21:01', '2018-11-29 10:21:01', 1, 1),
(113, 106, 'Wadi Al-Dawasir', 1, '2018-11-29 10:21:11', '2018-11-29 10:21:11', 1, 1),
(114, 107, 'Al Wajh', 1, '2018-11-29 10:21:15', '2018-11-29 10:21:15', 1, 1),
(115, 108, 'Yanbu', 1, '2018-11-29 10:21:19', '2018-11-29 10:21:19', 1, 1),
(116, 109, 'Az Zaimah', 1, '2018-11-29 10:21:24', '2018-11-29 10:21:24', 1, 1),
(117, 110, 'Zulfi', 1, '2018-11-29 10:21:33', '2018-11-29 10:21:33', 1, 1),
(120, 1, 'Abha', 2, '2018-11-20 08:47:26', '2018-11-29 10:25:49', 1, 1),
(121, 2, 'Ad-Dilam', 2, '2018-11-20 08:48:16', '2018-11-20 08:48:16', 1, 1),
(122, 3, 'Al-Abwa', 2, '2018-11-20 08:49:16', '2018-11-20 08:49:16', 1, 1),
(123, 4, 'Badr', 2, '2018-11-20 08:49:35', '2018-11-20 08:49:35', 1, 1),
(124, 5, 'Buraydah', 2, '2018-11-20 08:50:07', '2018-11-20 08:50:07', 1, 1),
(125, 6, 'Dammam', 2, '2018-11-20 08:50:30', '2018-11-20 08:50:30', 1, 1),
(126, 7, 'Al Artaweeiyah', 2, '2018-11-20 08:51:01', '2018-11-29 10:04:58', 1, 1),
(127, 8, 'Al Bukayriyah', 2, '2018-11-29 10:05:47', '2018-11-29 10:05:47', 1, 1),
(128, 9, 'Baljurashi', 2, '2018-11-29 10:06:04', '2018-11-29 10:06:04', 1, 1),
(129, 10, 'Bisha', 2, '2018-11-29 10:06:11', '2018-11-29 10:06:11', 1, 1),
(130, 11, 'Bareg', 2, '2018-11-29 10:06:22', '2018-11-29 10:06:22', 1, 1),
(131, 12, 'Al Bahah', 2, '2018-11-29 10:07:00', '2018-11-29 10:07:00', 1, 1),
(132, 13, 'Buq a', 2, '2018-11-29 10:07:09', '2018-11-29 10:07:09', 1, 1),
(133, 14, 'Dhahran', 2, '2018-11-29 10:07:18', '2018-11-29 10:07:18', 1, 1),
(134, 15, 'Dhurma', 2, '2018-11-29 10:08:05', '2018-11-29 10:08:05', 1, 1),
(135, 16, 'Dahaban', 2, '2018-11-29 10:08:11', '2018-11-29 10:08:11', 1, 1),
(136, 17, 'Diriyah', 2, '2018-11-29 10:08:16', '2018-11-29 10:08:16', 1, 1),
(137, 18, 'Duba', 2, '2018-11-29 10:08:23', '2018-11-29 10:08:23', 1, 1),
(138, 19, 'Dumat Al-Jandal', 2, '2018-11-29 10:08:26', '2018-11-29 10:08:26', 1, 1),
(139, 20, 'Dawadmi', 2, '2018-11-29 10:08:31', '2018-11-29 10:08:31', 1, 1),
(140, 21, 'Farasan city', 2, '2018-11-29 10:08:40', '2018-11-29 10:08:40', 1, 1),
(141, 22, 'Gatgat', 2, '2018-11-29 10:08:44', '2018-11-29 10:08:44', 1, 1),
(142, 23, 'Gerrha', 2, '2018-11-29 10:08:49', '2018-11-29 10:08:49', 1, 1),
(143, 24, 'Gurayat', 2, '2018-11-29 10:08:56', '2018-11-29 10:08:56', 1, 1),
(144, 25, 'Al-Gwei\'iyyah', 2, '2018-11-29 10:09:05', '2018-11-29 10:09:05', 1, 1),
(145, 26, 'Hautat Sudair', 2, '2018-11-29 10:09:13', '2018-11-29 10:09:13', 1, 1),
(146, 27, 'Habala', 2, '2018-11-29 10:09:17', '2018-11-29 10:09:17', 1, 1),
(147, 28, 'Hajrah', 2, '2018-11-29 10:09:21', '2018-11-29 10:09:21', 1, 1),
(148, 29, 'Haql	', 2, '2018-11-29 10:09:26', '2018-11-29 10:09:26', 1, 1),
(149, 30, 'Al-Hareeq', 2, '2018-11-29 10:09:53', '2018-11-29 10:09:53', 1, 1),
(150, 31, 'Harmah', 2, '2018-11-29 10:10:00', '2018-11-29 10:10:00', 1, 1),
(151, 32, 'Ha\'il', 2, '2018-11-29 10:10:05', '2018-11-29 10:10:05', 1, 1),
(152, 33, 'Hotat Bani Tamim', 2, '2018-11-29 10:10:11', '2018-11-29 10:10:11', 1, 1),
(153, 34, 'Hofuf', 2, '2018-11-29 10:10:16', '2018-11-29 10:10:16', 1, 1),
(154, 35, 'Huraymila', 2, '2018-11-29 10:10:27', '2018-11-29 10:10:27', 1, 1),
(155, 36, 'Hafr Al-Batin', 2, '2018-11-29 10:10:31', '2018-11-29 10:10:31', 1, 1),
(156, 37, 'Jabal Umm al Ru\'us', 2, '2018-11-29 10:10:38', '2018-11-29 10:10:38', 1, 1),
(157, 38, 'Jalajil', 2, '2018-11-29 10:10:41', '2018-11-29 10:10:41', 1, 1),
(158, 39, 'Al Jawf', 2, '2018-11-29 10:10:44', '2018-11-29 10:10:44', 1, 1),
(159, 40, 'Jeddah', 2, '2018-11-29 10:10:52', '2018-11-29 10:10:52', 1, 1),
(160, 41, 'Jizan', 2, '2018-11-29 10:10:55', '2018-11-29 10:10:55', 1, 1),
(161, 42, 'Jizan Economic City', 2, '2018-11-29 10:11:02', '2018-11-29 10:11:02', 1, 1),
(162, 43, 'Jubail', 2, '2018-11-29 10:11:09', '2018-11-29 10:11:09', 1, 1),
(163, 44, 'Al Jafr', 2, '2018-11-29 10:11:12', '2018-11-29 10:11:12', 1, 1),
(164, 45, 'Khafji', 2, '2018-11-29 10:11:17', '2018-11-29 10:11:17', 1, 1),
(165, 46, 'Khaybar', 2, '2018-11-29 10:11:24', '2018-11-29 10:11:24', 1, 1),
(166, 47, 'King Abdullah Economic City', 2, '2018-11-29 10:11:27', '2018-11-29 10:11:27', 1, 1),
(167, 48, 'Khamis Mushayt', 2, '2018-11-29 10:11:32', '2018-11-29 10:11:32', 1, 1),
(168, 49, 'Al-Saih', 2, '2018-11-29 10:11:36', '2018-11-29 10:11:36', 1, 1),
(169, 50, 'Knowledge Economic City, Medina', 2, '2018-11-29 10:11:44', '2018-11-29 10:11:44', 1, 1),
(170, 51, 'Khobar', 2, '2018-11-29 10:11:48', '2018-11-29 10:11:48', 1, 1),
(171, 52, 'Al-Khutt', 2, '2018-11-29 10:11:52', '2018-11-29 10:11:52', 1, 1),
(172, 53, 'Layla', 2, '2018-11-29 10:11:56', '2018-11-29 10:11:56', 1, 1),
(173, 54, 'Lihyan', 2, '2018-11-29 10:12:04', '2018-11-29 10:12:04', 1, 1),
(174, 55, 'Al Lith', 2, '2018-11-29 10:12:09', '2018-11-29 10:12:09', 1, 1),
(175, 56, 'Al Majma\'ah', 2, '2018-11-29 10:12:16', '2018-11-29 10:12:16', 1, 1),
(176, 57, 'Mastoorah', 2, '2018-11-29 10:12:19', '2018-11-29 10:12:19', 1, 1),
(177, 58, 'Al Mikhwah', 2, '2018-11-29 10:12:24', '2018-11-29 10:12:24', 1, 1),
(178, 59, 'Al-Mubarraz', 2, '2018-11-29 10:12:31', '2018-11-29 10:12:31', 1, 1),
(179, 60, 'Al Mawain', 2, '2018-11-29 10:12:35', '2018-11-29 10:12:35', 1, 1),
(180, 61, 'Mecca', 2, '2018-11-29 10:13:11', '2018-11-29 10:13:11', 1, 1),
(181, 62, 'Medina', 2, '2018-11-29 10:13:14', '2018-11-29 10:13:14', 1, 1),
(182, 63, 'Muzahmiyya', 2, '2018-11-29 10:13:19', '2018-11-29 10:13:19', 1, 1),
(183, 64, 'Najran', 2, '2018-11-29 10:13:24', '2018-11-29 10:13:24', 1, 1),
(184, 65, 'Al-Namas', 2, '2018-11-29 10:13:29', '2018-11-29 10:13:29', 1, 1),
(185, 66, 'Omloj', 2, '2018-11-29 10:13:33', '2018-11-29 10:13:33', 1, 1),
(186, 67, 'Al-Omran', 2, '2018-11-29 10:13:37', '2018-11-29 10:13:37', 1, 1),
(187, 68, 'Al-Oyoon', 2, '2018-11-29 10:13:47', '2018-11-29 10:13:47', 1, 1),
(188, 69, 'Qadeimah', 2, '2018-11-29 10:13:50', '2018-11-29 10:13:50', 1, 1),
(189, 70, 'Qatif', 2, '2018-11-29 10:13:59', '2018-11-29 10:13:59', 1, 1),
(190, 71, 'Qaisumah', 2, '2018-11-29 10:14:02', '2018-11-29 10:14:02', 1, 1),
(191, 72, 'Al Qunfudhah', 2, '2018-11-29 10:14:07', '2018-11-29 10:14:07', 1, 1),
(192, 73, 'Rabigh', 2, '2018-11-29 10:14:12', '2018-11-29 10:14:12', 1, 1),
(193, 74, 'Rafha', 2, '2018-11-29 10:14:15', '2018-11-29 10:14:15', 1, 1),
(194, 75, 'Ar Rass', 2, '2018-11-29 10:14:19', '2018-11-29 10:14:19', 1, 1),
(195, 76, 'Ras Tanura', 2, '2018-11-29 10:14:23', '2018-11-29 10:14:23', 1, 1),
(196, 77, 'Riyadh', 2, '2018-11-29 10:14:37', '2018-11-29 10:14:37', 1, 1),
(197, 78, 'Riyadh Al-Khabra', 2, '2018-11-29 10:14:45', '2018-11-29 10:14:45', 1, 1),
(198, 79, 'Rumailah', 2, '2018-11-29 10:14:54', '2018-11-29 10:14:54', 1, 1),
(199, 80, 'Sabt Al Alaya', 2, '2018-11-29 10:15:35', '2018-11-29 10:15:35', 1, 1),
(200, 81, 'Sarat Abidah', 2, '2018-11-29 10:17:43', '2018-11-29 10:17:43', 1, 1),
(201, 82, 'Saihat', 2, '2018-11-29 10:17:47', '2018-11-29 10:17:47', 1, 1),
(202, 83, 'Safwa city', 2, '2018-11-29 10:17:51', '2018-11-29 10:17:51', 1, 1),
(203, 84, 'Sakakah', 2, '2018-11-29 10:18:58', '2018-11-29 10:18:58', 1, 1),
(204, 85, 'Sharurah', 2, '2018-11-29 10:19:03', '2018-11-29 10:19:03', 1, 1),
(205, 86, 'Shaqraa', 2, '2018-11-29 10:19:07', '2018-11-29 10:19:07', 1, 1),
(206, 87, 'Shaybah	', 2, '2018-11-29 10:19:11', '2018-11-29 10:19:11', 1, 1),
(207, 88, 'As Sulayyil', 2, '2018-11-29 10:19:16', '2018-11-29 10:19:16', 1, 1),
(208, 89, 'Taif', 2, '2018-11-29 10:19:27', '2018-11-29 10:19:27', 1, 1),
(209, 90, 'Tabuk', 2, '2018-11-29 10:19:30', '2018-11-29 10:19:30', 1, 1),
(210, 91, 'Tanomah', 2, '2018-11-29 10:19:33', '2018-11-29 10:19:33', 1, 1),
(211, 92, 'Tarout', 2, '2018-11-29 10:19:38', '2018-11-29 10:19:38', 1, 1),
(212, 93, 'Tayma', 2, '2018-11-29 10:19:45', '2018-11-29 10:19:45', 1, 1),
(213, 94, 'Thadiq', 2, '2018-11-29 10:19:50', '2018-11-29 10:19:50', 1, 1),
(214, 95, 'Thuwal', 2, '2018-11-29 10:19:59', '2018-11-29 10:19:59', 1, 1),
(215, 96, 'Thuqbah', 2, '2018-11-29 10:20:06', '2018-11-29 10:20:06', 1, 1),
(216, 97, 'Turaif', 2, '2018-11-29 10:20:11', '2018-11-29 10:20:11', 1, 1),
(217, 98, 'Tabarjal', 2, '2018-11-29 10:20:19', '2018-11-29 10:20:19', 1, 1),
(218, 99, 'Udhailiyah', 2, '2018-11-29 10:20:25', '2018-11-29 10:20:25', 1, 1),
(219, 100, 'Al-`Ula', 2, '2018-11-29 10:20:33', '2018-11-29 10:20:33', 1, 1),
(220, 101, 'Um Al-Sahek', 2, '2018-11-29 10:20:37', '2018-11-29 10:20:37', 1, 1),
(221, 102, 'Unaizah', 2, '2018-11-29 10:20:45', '2018-11-29 10:20:45', 1, 1),
(222, 103, 'Uqair', 2, '2018-11-29 10:20:52', '2018-11-29 10:20:52', 1, 1),
(223, 104, 'Uyayna', 2, '2018-11-29 10:20:56', '2018-11-29 10:20:56', 1, 1),
(224, 105, 'Uyun AlJiwa', 2, '2018-11-29 10:21:01', '2018-11-29 10:21:01', 1, 1),
(225, 106, 'Wadi Al-Dawasir', 2, '2018-11-29 10:21:11', '2018-11-29 10:21:11', 1, 1),
(226, 107, 'Al Wajh', 2, '2018-11-29 10:21:15', '2018-11-29 10:21:15', 1, 1),
(227, 108, 'Yanbu', 2, '2018-11-29 10:21:19', '2018-11-29 10:21:19', 1, 1),
(228, 109, 'Az Zaimah', 2, '2018-11-29 10:21:24', '2018-11-29 10:21:24', 1, 1),
(229, 110, 'Zulfi', 2, '2018-11-29 10:21:33', '2018-11-29 10:21:33', 1, 1);

-- --------------------------------------------------------

--
-- Table structure for table `countries`
--

CREATE TABLE `countries` (
  `CountryID` int(11) NOT NULL,
  `CountryCode` varchar(50) NOT NULL,
  `SortOrder` int(11) NOT NULL,
  `Hide` tinyint(4) NOT NULL,
  `IsActive` tinyint(4) NOT NULL,
  `CreatedAt` datetime NOT NULL,
  `UpdatedAt` datetime NOT NULL,
  `CreatedBy` int(11) NOT NULL,
  `UpdatedBy` int(11) NOT NULL
) ENGINE=InnoDB DEFAULT CHARSET=utf8;

--
-- Dumping data for table `countries`
--

INSERT INTO `countries` (`CountryID`, `CountryCode`, `SortOrder`, `Hide`, `IsActive`, `CreatedAt`, `UpdatedAt`, `CreatedBy`, `UpdatedBy`) VALUES
(1, 'PK', 0, 0, 1, '2018-10-03 22:17:19', '2018-10-03 22:17:19', 1, 1);

-- --------------------------------------------------------

--
-- Table structure for table `countries_text`
--

CREATE TABLE `countries_text` (
  `CountryTextID` int(11) NOT NULL,
  `CountryID` int(11) NOT NULL,
  `Title` varchar(255) NOT NULL,
  `SystemLanguageID` int(11) NOT NULL,
  `CreatedAt` datetime NOT NULL,
  `UpdatedAt` datetime NOT NULL,
  `CreatedBy` int(11) NOT NULL,
  `UpdatedBy` int(11) NOT NULL
) ENGINE=InnoDB DEFAULT CHARSET=utf8;

--
-- Dumping data for table `countries_text`
--

INSERT INTO `countries_text` (`CountryTextID`, `CountryID`, `Title`, `SystemLanguageID`, `CreatedAt`, `UpdatedAt`, `CreatedBy`, `UpdatedBy`) VALUES
(1, 1, 'Pakistan', 1, '2018-10-03 22:17:19', '2018-10-03 22:17:19', 1, 1);

-- --------------------------------------------------------

--
-- Table structure for table `districts`
--

CREATE TABLE `districts` (
  `DistrictID` int(11) NOT NULL,
  `SortOrder` int(11) NOT NULL,
  `Hide` tinyint(4) NOT NULL,
  `IsActive` tinyint(4) NOT NULL,
  `CreatedAt` datetime NOT NULL,
  `UpdatedAt` datetime NOT NULL,
  `CreatedBy` int(11) NOT NULL,
  `UpdatedBy` int(11) NOT NULL
) ENGINE=InnoDB DEFAULT CHARSET=utf8;

--
-- Dumping data for table `districts`
--

INSERT INTO `districts` (`DistrictID`, `SortOrder`, `Hide`, `IsActive`, `CreatedAt`, `UpdatedAt`, `CreatedBy`, `UpdatedBy`) VALUES
(1, 0, 0, 1, '2018-11-20 08:44:43', '2018-11-20 08:44:43', 1, 1),
(2, 1, 0, 1, '2018-11-20 08:45:36', '2018-11-20 08:45:36', 1, 1),
(3, 2, 0, 1, '2018-11-20 08:45:51', '2018-11-20 08:45:51', 1, 1),
(4, 3, 0, 1, '2018-11-20 08:46:04', '2018-11-20 08:46:04', 1, 1),
(5, 4, 0, 1, '2018-11-20 08:46:34', '2018-11-20 08:46:34', 1, 1);

-- --------------------------------------------------------

--
-- Table structure for table `districts_text`
--

CREATE TABLE `districts_text` (
  `DistrictTextID` int(11) NOT NULL,
  `DistrictID` int(11) NOT NULL,
  `Title` varchar(255) NOT NULL,
  `SystemLanguageID` int(11) NOT NULL,
  `CreatedAt` datetime NOT NULL,
  `UpdatedAt` datetime NOT NULL,
  `CreatedBy` int(11) NOT NULL,
  `UpdatedBy` int(11) NOT NULL
) ENGINE=InnoDB DEFAULT CHARSET=utf8;

--
-- Dumping data for table `districts_text`
--

INSERT INTO `districts_text` (`DistrictTextID`, `DistrictID`, `Title`, `SystemLanguageID`, `CreatedAt`, `UpdatedAt`, `CreatedBy`, `UpdatedBy`) VALUES
(1, 1, 'Tabuk', 1, '2018-11-20 08:44:43', '2018-11-20 08:44:43', 1, 1),
(2, 2, 'Bahah', 1, '2018-11-20 08:45:36', '2018-11-20 08:45:36', 1, 1),
(3, 3, 'Jawf', 1, '2018-11-20 08:45:51', '2018-11-20 08:45:51', 1, 1),
(4, 4, 'Madinah', 1, '2018-11-20 08:46:04', '2018-11-20 08:46:04', 1, 1),
(5, 5, 'Makkah', 1, '2018-11-20 08:46:34', '2018-11-20 08:46:34', 1, 1);

-- --------------------------------------------------------

--
-- Table structure for table `email_templates`
--

CREATE TABLE `email_templates` (
  `Email_templateID` int(11) NOT NULL,
  `Image` varchar(255) NOT NULL,
  `SortOrder` int(11) NOT NULL,
  `Hide` tinyint(4) NOT NULL,
  `IsActive` tinyint(4) NOT NULL,
  `CreatedAt` datetime NOT NULL,
  `UpdatedAt` datetime NOT NULL,
  `CreatedBy` int(11) NOT NULL,
  `UpdatedBy` int(11) NOT NULL
) ENGINE=InnoDB DEFAULT CHARSET=utf8;

--
-- Dumping data for table `email_templates`
--

INSERT INTO `email_templates` (`Email_templateID`, `Image`, `SortOrder`, `Hide`, `IsActive`, `CreatedAt`, `UpdatedAt`, `CreatedBy`, `UpdatedBy`) VALUES
(1, 'uploads/email_templates/1210446676201807020635331.jpg', 0, 0, 1, '2018-07-02 17:08:45', '2018-07-02 18:33:35', 1, 1),
(4, 'uploads/email_templates/379150302201807020631102.jpg', 1, 0, 1, '2018-07-02 18:10:31', '2018-07-02 18:32:06', 1, 1),
(5, 'uploads/email_templates/414693546201807020612353.jpg', 2, 0, 1, '2018-07-02 18:35:12', '2018-07-02 18:35:12', 1, 1);

-- --------------------------------------------------------

--
-- Table structure for table `email_templates_text`
--

CREATE TABLE `email_templates_text` (
  `Email_templateTextID` int(11) NOT NULL,
  `Email_templateID` int(11) NOT NULL,
  `Title` varchar(255) NOT NULL,
  `Heading` varchar(255) NOT NULL,
  `Description` text NOT NULL,
  `SystemLanguageID` int(11) NOT NULL,
  `CreatedAt` datetime NOT NULL,
  `UpdatedAt` datetime NOT NULL,
  `CreatedBy` int(11) NOT NULL,
  `UpdatedBy` int(11) NOT NULL
) ENGINE=InnoDB DEFAULT CHARSET=utf8;

--
-- Dumping data for table `email_templates_text`
--

INSERT INTO `email_templates_text` (`Email_templateTextID`, `Email_templateID`, `Title`, `Heading`, `Description`, `SystemLanguageID`, `CreatedAt`, `UpdatedAt`, `CreatedBy`, `UpdatedBy`) VALUES
(1, 1, 'Template 1', 'Test', '<p><strong>Hi {{test1}} ,</strong></p>\r\n<p>This is a testing template body. This is a testing template body. This is a testing template body. This is a testing template body. This is a testing template body. This is a testing template body. This is a testing template body. This is a testing template body. This is a testing template body. This is a testing template body. This is a testing template body. This is a testing template body. This is a testing template body. This is a testing template body. This is a testing template body. This is a testing template body. This is a testing template body. This is a testing template body.&nbsp;</p>\r\n<p><strong>Thanks.</strong></p>', 1, '2018-07-02 17:08:45', '2018-07-02 18:33:35', 1, 1),
(4, 4, 'Template 2', 'Test 2', '<p><strong>Hi {{test}} ,</strong></p>\r\n<p>This is a testing template body. This is a testing template body. This is a testing template body. This is a testing template body. This is a testing template body. This is a testing template body. This is a testing template body. This is a testing template body. This is a testing template body. This is a testing template body. This is a testing template body. This is a testing template body. This is a testing template body. This is a testing template body. This is a testing template body. This is a testing template body. This is a testing template body. This is a testing template body.&nbsp;</p>\r\n<p><strong>Thanks.</strong></p>', 1, '2018-07-02 18:10:31', '2018-07-02 18:32:06', 1, 1),
(5, 5, 'Template 3', 'Test 3', '<p><strong>Hi {{test3}} ,</strong></p>\r\n<p>This is a testing description for third email template. This is a testing description for third email template. This is a testing description for third email template. This is a testing description for third email template. This is a testing description for third email template. This is a testing description for third email template. This is a testing description for third email template. This is a testing description for third email template. This is a testing description for third email template. This is a testing description for third email template. This is a testing description for third email template.&nbsp;</p>\r\n<p><strong>Thanks.</strong></p>', 1, '2018-07-02 18:35:12', '2018-07-02 18:35:12', 1, 1),
(6, 5, 'Templat 3', 'Test 2', '<p>&nbsp;sdf sdaf sdaf sf adf</p>\r\n<p>asdsad</p>', 2, '2018-07-02 18:36:55', '2018-07-02 18:41:16', 1, 1);

-- --------------------------------------------------------

--
-- Table structure for table `groups`
--

CREATE TABLE `groups` (
  `GroupID` int(11) NOT NULL,
  `UserID` int(11) NOT NULL,
  `CategoryID` int(11) NOT NULL,
  `SubCategoryID` int(11) NOT NULL,
  `GroupCityID` int(11) NOT NULL,
  `Hide` tinyint(4) NOT NULL,
  `IsActive` tinyint(4) NOT NULL,
  `SortOrder` int(11) NOT NULL,
  `GroupImage` varchar(255) NOT NULL,
  `GroupCompressImage` varchar(255) NOT NULL,
  `CreatedAt` datetime NOT NULL,
  `UpdatedAt` datetime NOT NULL,
  `CreatedBy` int(11) NOT NULL,
  `UpdatedBy` int(11) NOT NULL,
  `LastActivityAt` varchar(255) NOT NULL
) ENGINE=InnoDB DEFAULT CHARSET=utf8;

--
-- Dumping data for table `groups`
--

INSERT INTO `groups` (`GroupID`, `UserID`, `CategoryID`, `SubCategoryID`, `GroupCityID`, `Hide`, `IsActive`, `SortOrder`, `GroupImage`, `GroupCompressImage`, `CreatedAt`, `UpdatedAt`, `CreatedBy`, `UpdatedBy`, `LastActivityAt`) VALUES
(1, 77, 161, 162, 4, 0, 1, 0, 'uploads/groups/62792220181129074111user.jpg', 'uploads/groups/10629320181129074111user.jpg', '0000-00-00 00:00:00', '0000-00-00 00:00:00', 77, 77, ''),
(2, 78, 161, 164, 6, 0, 1, 0, 'uploads/groups/11168920181129070315groupImage.jpg', 'uploads/groups/62539920181129070315groupCompressedImage.jpg', '0000-00-00 00:00:00', '0000-00-00 00:00:00', 78, 78, '1543559204');

-- --------------------------------------------------------

--
-- Table structure for table `groups_text`
--

CREATE TABLE `groups_text` (
  `GroupTextID` int(11) NOT NULL,
  `GroupID` int(11) NOT NULL,
  `Title` varchar(255) NOT NULL,
  `Description` varchar(1000) NOT NULL,
  `SystemLanguageID` int(11) NOT NULL
) ENGINE=InnoDB DEFAULT CHARSET=utf8;

--
-- Dumping data for table `groups_text`
--

INSERT INTO `groups_text` (`GroupTextID`, `GroupID`, `Title`, `Description`, `SystemLanguageID`) VALUES
(1, 1, 'Yatching', 'Enjoy', 1),
(2, 2, 'Folowers', 'Followers Group', 1);

-- --------------------------------------------------------

--
-- Table structure for table `group_invitations`
--

CREATE TABLE `group_invitations` (
  `GroupInvitationID` int(11) NOT NULL,
  `GroupID` int(11) NOT NULL,
  `UserID` int(11) NOT NULL COMMENT 'User who is inviting',
  `InvitedUserID` int(11) NOT NULL COMMENT 'User who is being invited',
  `CreatedAt` varchar(255) NOT NULL
) ENGINE=MyISAM DEFAULT CHARSET=utf8;

-- --------------------------------------------------------

--
-- Table structure for table `group_members`
--

CREATE TABLE `group_members` (
  `GroupMemberID` int(11) NOT NULL,
  `UserID` int(11) NOT NULL,
  `GroupID` int(11) NOT NULL,
  `IsAdmin` enum('yes','no') NOT NULL DEFAULT 'no',
  `CreatedAt` varchar(255) NOT NULL
) ENGINE=InnoDB DEFAULT CHARSET=utf8;

--
-- Dumping data for table `group_members`
--

INSERT INTO `group_members` (`GroupMemberID`, `UserID`, `GroupID`, `IsAdmin`, `CreatedAt`) VALUES
(2, 78, 2, 'yes', '1543475704'),
(5, 79, 1, 'no', '1543489054'),
(6, 77, 1, 'no', '1543493730'),
(7, 78, 1, 'no', '1543493948'),
(8, 77, 2, 'yes', '1543493950'),
(9, 80, 1, 'no', '1543561130');

-- --------------------------------------------------------

--
-- Table structure for table `languages`
--

CREATE TABLE `languages` (
  `LanguageID` int(11) NOT NULL,
  `SortOrder` int(11) NOT NULL,
  `Hide` tinyint(4) NOT NULL,
  `IsActive` tinyint(4) NOT NULL,
  `CreatedAt` datetime NOT NULL,
  `UpdatedAt` datetime NOT NULL,
  `CreatedBy` int(11) NOT NULL,
  `UpdatedBy` int(11) NOT NULL
) ENGINE=InnoDB DEFAULT CHARSET=utf8;

-- --------------------------------------------------------

--
-- Table structure for table `modules`
--

CREATE TABLE `modules` (
  `ModuleID` int(11) NOT NULL,
  `ParentID` int(11) NOT NULL DEFAULT '0',
  `IconClass` varchar(255) NOT NULL,
  `Slug` varchar(255) NOT NULL,
  `SortOrder` int(11) NOT NULL,
  `Hide` tinyint(4) NOT NULL,
  `IsActive` tinyint(4) NOT NULL,
  `CreatedAt` datetime NOT NULL,
  `UpdatedAt` datetime NOT NULL,
  `CreatedBy` int(11) NOT NULL,
  `UpdatedBy` int(11) NOT NULL
) ENGINE=InnoDB DEFAULT CHARSET=utf8;

--
-- Dumping data for table `modules`
--

INSERT INTO `modules` (`ModuleID`, `ParentID`, `IconClass`, `Slug`, `SortOrder`, `Hide`, `IsActive`, `CreatedAt`, `UpdatedAt`, `CreatedBy`, `UpdatedBy`) VALUES
(1, 0, 'settings', '#', 32, 0, 1, '2018-05-09 00:00:00', '2018-11-30 10:32:35', 1, 1),
(18, 1, ' mdi mdi-view-module', 'module', 0, 0, 1, '2018-04-19 15:22:06', '2018-04-19 15:22:06', 1, 1),
(22, 1, 'mdi mdi-yeast', 'role', 3, 0, 1, '2018-05-02 12:10:33', '2018-05-02 12:10:33', 1, 1),
(23, 1, 'mdi mdi-account-multiple-outline', 'user', 4, 0, 1, '2018-05-02 12:44:19', '2018-05-02 12:44:19', 1, 1),
(32, 1, 'mdi mdi-city', 'city', 7, 0, 1, '2018-05-03 14:01:59', '2018-05-03 14:01:59', 1, 1),
(35, 1, 'mdi mdi-city', 'district', 6, 0, 1, '2018-05-03 15:49:43', '2018-05-03 15:49:43', 1, 1),
(36, 1, 'settings', 'Site_setting', 8, 1, 1, '2018-06-21 20:24:33', '2018-06-21 20:24:33', 1, 1),
(39, 1, ' mdi mdi-email', 'email_template', 9, 1, 1, '2018-07-02 16:26:28', '2018-07-02 16:26:28', 1, 1),
(40, 1, 'mdi mdi-format-list-bulleted', 'language', 10, 1, 1, '2018-07-04 14:12:11', '2018-07-04 14:12:23', 1, 1),
(43, 64, 'apps', 'category', 2, 0, 1, '2018-10-05 00:00:00', '2018-11-30 09:30:09', 1, 1),
(45, 63, 'settings', 'group', 14, 0, 1, '2018-10-09 07:12:05', '2018-11-30 08:25:10', 1, 1),
(46, 0, 'settings', 'post', 15, 0, 0, '2018-10-12 08:01:32', '2018-10-12 08:01:32', 1, 1),
(47, 63, 'apps', 'postReported', 16, 0, 1, '2018-11-01 06:32:12', '2018-11-30 08:26:25', 1, 1),
(48, 63, 'apps', 'repotedComment', 17, 0, 1, '2018-11-01 07:29:59', '2018-11-30 08:27:15', 1, 1),
(49, 63, 'apps', 'repotedGroup', 15, 0, 1, '2018-11-02 08:43:12', '2018-11-30 08:25:42', 1, 1),
(50, 66, 'apps', 'badge', 16, 0, 1, '2018-11-15 08:35:05', '2018-11-30 09:38:17', 1, 1),
(51, 66, 'apps', 'badge_request', 17, 0, 1, '2018-11-15 10:21:49', '2018-11-30 09:39:30', 1, 1),
(52, 64, 'apps', 'suggested_hobbies', 18, 0, 1, '2018-11-16 11:22:54', '2018-11-30 09:32:43', 1, 1),
(53, 1, 'settings', 'type', 19, 0, 1, '2018-11-19 07:30:34', '2018-11-19 07:30:34', 1, 1),
(54, 0, 'apps', 'upgrade', 31, 0, 1, '2018-11-22 07:40:38', '2018-11-30 08:18:55', 1, 1),
(55, 1, 'settings', 'user_type', 21, 1, 1, '2018-11-22 13:47:48', '2018-11-22 13:47:48', 1, 1),
(56, 0, 'apps', 'report', 22, 1, 1, '2018-11-26 12:55:27', '2018-11-26 12:55:27', 1, 1),
(58, 0, 'apps', 'userReports', 23, 1, 1, '2018-11-27 12:23:51', '2018-11-27 12:23:51', 1, 1),
(59, 0, 'apps', '#', 24, 0, 0, '2018-11-28 09:29:03', '2018-11-30 09:37:00', 1, 1),
(60, 65, '', 'GroupReport', 25, 0, 1, '2018-11-28 09:31:07', '2018-11-30 09:35:45', 1, 1),
(61, 65, '', 'UserReport', 26, 0, 1, '2018-11-28 09:32:02', '2018-11-30 09:36:11', 1, 1),
(62, 0, 'apps', 'no-slug', 27, 0, 0, '2018-11-30 08:20:18', '2018-11-30 08:25:54', 1, 1),
(63, 0, 'accessibility_new', 'no-slug1', 28, 0, 1, '2018-11-30 08:24:03', '2018-11-30 10:45:38', 1, 1),
(64, 0, 'favorite', '#', 1, 0, 1, '2018-11-30 08:28:16', '2018-11-30 10:45:06', 1, 1),
(65, 0, 'waves', 'no-slug3', 30, 0, 1, '2018-11-30 09:34:59', '2018-11-30 10:48:22', 1, 1),
(66, 0, 'event_seat', 'no-slug4', 31, 0, 1, '2018-11-30 09:37:50', '2018-11-30 10:50:49', 1, 1);

-- --------------------------------------------------------

--
-- Table structure for table `modules_rights`
--

CREATE TABLE `modules_rights` (
  `ModuleRightID` int(11) NOT NULL,
  `ModuleID` int(11) NOT NULL,
  `RoleID` int(11) NOT NULL,
  `CanView` tinyint(4) NOT NULL,
  `CanAdd` tinyint(4) NOT NULL,
  `CanEdit` tinyint(4) NOT NULL,
  `CanDelete` tinyint(4) NOT NULL,
  `CreatedAt` datetime NOT NULL,
  `UpdatedAt` datetime NOT NULL,
  `CreatedBy` int(11) NOT NULL,
  `UpdatedBy` int(11) NOT NULL
) ENGINE=InnoDB DEFAULT CHARSET=utf8;

--
-- Dumping data for table `modules_rights`
--

INSERT INTO `modules_rights` (`ModuleRightID`, `ModuleID`, `RoleID`, `CanView`, `CanAdd`, `CanEdit`, `CanDelete`, `CreatedAt`, `UpdatedAt`, `CreatedBy`, `UpdatedBy`) VALUES
(13, 18, 1, 1, 1, 1, 1, '2018-04-19 15:22:06', '2018-06-29 17:44:17', 1, 1),
(17, 18, 2, 1, 1, 1, 1, '2018-05-02 11:37:19', '2018-05-02 11:37:19', 1, 1),
(20, 22, 1, 1, 1, 1, 1, '2018-05-02 12:10:33', '2018-06-29 17:44:17', 1, 1),
(21, 22, 2, 1, 1, 1, 1, '2018-05-02 12:10:33', '2018-05-02 12:10:33', 1, 1),
(22, 23, 1, 1, 1, 1, 1, '2018-05-02 12:44:19', '2018-06-29 17:44:17', 1, 1),
(23, 23, 2, 1, 1, 1, 1, '2018-05-02 12:44:19', '2018-05-02 12:44:19', 1, 1),
(40, 32, 1, 1, 1, 1, 1, '2018-05-03 14:01:59', '2018-06-29 17:44:17', 1, 1),
(41, 32, 2, 1, 1, 1, 1, '2018-05-03 14:01:59', '2018-05-03 14:01:59', 1, 1),
(46, 35, 1, 1, 1, 1, 1, '2018-05-03 15:49:43', '2018-06-29 17:44:17', 1, 1),
(47, 35, 2, 1, 1, 1, 1, '2018-05-03 15:49:43', '2018-05-03 15:49:43', 1, 1),
(52, 18, 3, 0, 0, 0, 0, '2018-05-04 17:33:54', '2018-06-29 17:44:36', 1, 1),
(54, 22, 3, 0, 0, 0, 0, '2018-05-04 17:33:54', '2018-06-29 17:44:36', 1, 1),
(55, 23, 3, 0, 0, 0, 0, '2018-05-04 17:33:54', '2018-06-29 17:44:36', 1, 1),
(56, 32, 3, 0, 0, 0, 0, '2018-05-04 17:33:54', '2018-06-29 17:44:36', 1, 1),
(57, 35, 3, 0, 0, 0, 0, '2018-05-04 17:33:54', '2018-06-29 17:44:36', 1, 1),
(74, 1, 3, 1, 1, 1, 1, '2018-05-09 12:20:50', '2018-06-29 17:44:36', 1, 1),
(75, 1, 2, 1, 1, 1, 1, '2018-05-09 12:20:50', '2018-05-09 12:20:50', 1, 1),
(76, 1, 1, 1, 1, 1, 1, '2018-05-09 12:20:50', '2018-06-29 17:44:17', 1, 1),
(77, 36, 1, 1, 1, 1, 1, '2018-02-12 16:32:10', '2018-06-29 17:44:17', 1, 1),
(78, 36, 2, 1, 1, 1, 1, '2018-06-29 13:51:40', '2018-06-29 13:51:40', 1, 1),
(79, 36, 3, 0, 0, 0, 0, '2018-06-29 09:34:16', '2018-06-29 17:44:36', 1, 1),
(86, 39, 1, 1, 1, 1, 1, '2018-07-02 16:26:28', '2018-07-02 16:26:28', 1, 1),
(87, 39, 2, 1, 1, 1, 1, '2018-07-02 16:26:28', '2018-07-02 16:26:28', 1, 1),
(88, 39, 3, 0, 0, 0, 0, '2018-07-02 16:26:28', '2018-07-02 16:26:28', 1, 1),
(89, 40, 1, 1, 1, 1, 1, '2018-07-04 14:12:11', '2018-07-04 14:12:11', 1, 1),
(90, 40, 2, 1, 1, 1, 1, '2018-07-04 14:12:11', '2018-07-04 14:12:11', 1, 1),
(91, 40, 3, 0, 0, 0, 0, '2018-07-04 14:12:11', '2018-07-04 14:12:11', 1, 1),
(98, 43, 1, 1, 1, 1, 1, '2018-10-03 19:48:40', '2018-10-04 21:47:28', 1, 1),
(99, 43, 2, 1, 1, 1, 1, '2018-10-03 19:48:40', '2018-10-03 19:48:40', 1, 1),
(100, 43, 3, 0, 0, 0, 0, '2018-10-03 19:48:40', '2018-10-03 19:48:40', 1, 1),
(111, 43, 4, 1, 1, 1, 1, '2018-10-04 20:15:57', '2018-10-04 20:15:57', 1, 1),
(115, 45, 1, 1, 1, 1, 1, '2018-10-09 07:12:05', '2018-10-09 07:12:05', 1, 1),
(116, 45, 2, 1, 1, 1, 1, '2018-10-09 07:12:05', '2018-10-09 07:12:05', 1, 1),
(117, 45, 3, 0, 0, 0, 0, '2018-10-09 07:12:05', '2018-10-09 07:12:05', 1, 1),
(118, 46, 1, 1, 1, 1, 1, '2018-10-12 08:01:32', '2018-10-12 08:01:32', 1, 1),
(119, 46, 2, 1, 1, 1, 1, '2018-10-12 08:01:32', '2018-10-12 08:01:32', 1, 1),
(120, 46, 3, 0, 0, 0, 0, '2018-10-12 08:01:32', '2018-10-12 08:01:32', 1, 1),
(121, 47, 1, 1, 1, 1, 1, '2018-11-01 06:32:12', '2018-11-01 06:32:12', 1, 1),
(122, 47, 2, 1, 1, 1, 1, '2018-11-01 06:32:12', '2018-11-01 06:32:12', 1, 1),
(123, 47, 3, 0, 0, 0, 0, '2018-11-01 06:32:12', '2018-11-01 06:32:12', 1, 1),
(124, 48, 1, 1, 1, 1, 1, '2018-11-01 07:29:59', '2018-11-01 07:29:59', 1, 1),
(125, 48, 2, 1, 1, 1, 1, '2018-11-01 07:29:59', '2018-11-01 07:29:59', 1, 1),
(126, 48, 3, 0, 0, 0, 0, '2018-11-01 07:29:59', '2018-11-01 07:29:59', 1, 1),
(127, 49, 1, 1, 1, 1, 1, '2018-11-02 08:43:12', '2018-11-02 08:43:12', 1, 1),
(128, 49, 2, 1, 1, 1, 1, '2018-11-02 08:43:12', '2018-11-02 08:43:12', 1, 1),
(129, 49, 3, 0, 0, 0, 0, '2018-11-02 08:43:12', '2018-11-02 08:43:12', 1, 1),
(130, 50, 1, 1, 1, 1, 1, '2018-11-15 08:35:05', '2018-11-15 08:35:05', 1, 1),
(131, 50, 2, 1, 1, 1, 1, '2018-11-15 08:35:05', '2018-11-15 08:35:05', 1, 1),
(132, 50, 3, 0, 0, 0, 0, '2018-11-15 08:35:05', '2018-11-15 08:35:05', 1, 1),
(133, 51, 1, 1, 1, 1, 1, '2018-11-15 10:21:49', '2018-11-15 10:21:49', 1, 1),
(134, 51, 2, 1, 1, 1, 1, '2018-11-15 10:21:49', '2018-11-15 10:21:49', 1, 1),
(135, 51, 3, 0, 0, 0, 0, '2018-11-15 10:21:49', '2018-11-15 10:21:49', 1, 1),
(136, 52, 1, 1, 1, 1, 1, '2018-11-16 11:22:54', '2018-11-16 11:22:54', 1, 1),
(137, 52, 2, 1, 1, 1, 1, '2018-11-16 11:22:54', '2018-11-16 11:22:54', 1, 1),
(138, 52, 3, 0, 0, 0, 0, '2018-11-16 11:22:54', '2018-11-16 11:22:54', 1, 1),
(139, 53, 1, 1, 1, 1, 1, '2018-11-19 07:30:34', '2018-11-19 07:30:34', 1, 1),
(140, 53, 2, 1, 1, 1, 1, '2018-11-19 07:30:34', '2018-11-19 07:30:34', 1, 1),
(141, 53, 3, 0, 0, 0, 0, '2018-11-19 07:30:34', '2018-11-19 07:30:34', 1, 1),
(142, 54, 1, 1, 1, 1, 1, '2018-11-22 07:40:38', '2018-11-22 07:40:38', 1, 1),
(143, 54, 2, 1, 1, 1, 1, '2018-11-22 07:40:38', '2018-11-22 07:40:38', 1, 1),
(144, 54, 3, 0, 0, 0, 0, '2018-11-22 07:40:38', '2018-11-22 07:40:38', 1, 1),
(145, 55, 1, 1, 1, 1, 1, '2018-11-22 13:47:48', '2018-11-22 13:47:48', 1, 1),
(146, 55, 2, 1, 1, 1, 1, '2018-11-22 13:47:48', '2018-11-22 13:47:48', 1, 1),
(147, 55, 3, 0, 0, 0, 0, '2018-11-22 13:47:48', '2018-11-22 13:47:48', 1, 1),
(148, 56, 1, 1, 1, 1, 1, '2018-11-26 12:55:27', '2018-11-26 12:55:27', 1, 1),
(149, 56, 2, 1, 1, 1, 1, '2018-11-26 12:55:27', '2018-11-26 12:55:27', 1, 1),
(150, 56, 3, 0, 0, 0, 0, '2018-11-26 12:55:27', '2018-11-26 12:55:27', 1, 1),
(151, 58, 1, 1, 1, 1, 1, '2018-11-27 12:23:51', '2018-11-27 12:23:51', 1, 1),
(152, 58, 2, 1, 1, 1, 1, '2018-11-27 12:23:51', '2018-11-27 12:23:51', 1, 1),
(153, 58, 3, 0, 0, 0, 0, '2018-11-27 12:23:51', '2018-11-27 12:23:51', 1, 1),
(154, 59, 1, 1, 1, 1, 1, '2018-11-28 09:29:03', '2018-11-28 09:29:03', 1, 1),
(155, 59, 2, 1, 1, 1, 1, '2018-11-28 09:29:03', '2018-11-28 09:29:03', 1, 1),
(156, 59, 3, 0, 0, 0, 0, '2018-11-28 09:29:03', '2018-11-28 09:29:03', 1, 1),
(157, 60, 1, 1, 1, 1, 1, '2018-11-28 09:31:07', '2018-11-28 09:31:07', 1, 1),
(158, 60, 2, 1, 1, 1, 1, '2018-11-28 09:31:07', '2018-11-28 09:31:07', 1, 1),
(159, 60, 3, 0, 0, 0, 0, '2018-11-28 09:31:07', '2018-11-28 09:31:07', 1, 1),
(160, 61, 1, 1, 1, 1, 1, '2018-11-28 09:32:02', '2018-11-28 09:32:02', 1, 1),
(161, 61, 2, 1, 1, 1, 1, '2018-11-28 09:32:02', '2018-11-28 09:32:02', 1, 1),
(162, 61, 3, 0, 0, 0, 0, '2018-11-28 09:32:02', '2018-11-28 09:32:02', 1, 1),
(163, 62, 1, 1, 1, 1, 1, '2018-11-30 08:20:18', '2018-11-30 08:20:18', 1, 1),
(164, 62, 2, 1, 1, 1, 1, '2018-11-30 08:20:18', '2018-11-30 08:20:18', 1, 1),
(165, 62, 3, 0, 0, 0, 0, '2018-11-30 08:20:18', '2018-11-30 08:20:18', 1, 1),
(166, 63, 1, 1, 1, 1, 1, '2018-11-30 08:24:03', '2018-11-30 08:24:03', 1, 1),
(167, 63, 2, 1, 1, 1, 1, '2018-11-30 08:24:03', '2018-11-30 08:24:03', 1, 1),
(168, 63, 3, 0, 0, 0, 0, '2018-11-30 08:24:03', '2018-11-30 08:24:03', 1, 1),
(169, 64, 1, 1, 1, 1, 1, '2018-11-30 08:28:16', '2018-11-30 08:28:16', 1, 1),
(170, 64, 2, 1, 1, 1, 1, '2018-11-30 08:28:16', '2018-11-30 08:28:16', 1, 1),
(171, 64, 3, 0, 0, 0, 0, '2018-11-30 08:28:16', '2018-11-30 08:28:16', 1, 1),
(172, 65, 1, 1, 1, 1, 1, '2018-11-30 09:34:59', '2018-11-30 09:34:59', 1, 1),
(173, 65, 2, 1, 1, 1, 1, '2018-11-30 09:34:59', '2018-11-30 09:34:59', 1, 1),
(174, 65, 3, 0, 0, 0, 0, '2018-11-30 09:34:59', '2018-11-30 09:34:59', 1, 1),
(175, 66, 1, 1, 1, 1, 1, '2018-11-30 09:37:50', '2018-11-30 09:37:50', 1, 1),
(176, 66, 2, 1, 1, 1, 1, '2018-11-30 09:37:50', '2018-11-30 09:37:50', 1, 1),
(177, 66, 3, 0, 0, 0, 0, '2018-11-30 09:37:50', '2018-11-30 09:37:50', 1, 1);

-- --------------------------------------------------------

--
-- Table structure for table `modules_text`
--

CREATE TABLE `modules_text` (
  `ModuleTextID` int(11) NOT NULL,
  `ModuleID` int(11) NOT NULL,
  `Title` varchar(255) NOT NULL,
  `SystemLanguageID` int(11) NOT NULL,
  `CreatedAt` datetime NOT NULL,
  `UpdatedAt` datetime NOT NULL,
  `CreatedBy` int(11) NOT NULL,
  `UpdatedBy` int(11) NOT NULL
) ENGINE=InnoDB DEFAULT CHARSET=utf8;

--
-- Dumping data for table `modules_text`
--

INSERT INTO `modules_text` (`ModuleTextID`, `ModuleID`, `Title`, `SystemLanguageID`, `CreatedAt`, `UpdatedAt`, `CreatedBy`, `UpdatedBy`) VALUES
(1, 18, 'Module', 1, '2018-04-19 15:22:06', '2018-04-19 15:22:06', 1, 1),
(5, 22, 'Roles', 1, '2018-05-02 12:10:33', '2018-05-02 12:10:33', 1, 1),
(6, 23, 'Users', 1, '2018-05-02 12:44:19', '2018-05-02 12:44:19', 1, 1),
(15, 32, 'City', 1, '2018-05-03 14:01:59', '2018-05-03 14:01:59', 1, 1),
(18, 35, 'District', 1, '2018-05-03 15:49:43', '2018-05-03 15:49:43', 1, 1),
(26, 1, 'Settings', 1, '2018-05-09 00:00:00', '2018-11-30 10:32:35', 1, 1),
(27, 36, 'Site Setting', 1, '2018-06-29 07:34:18', '2018-06-29 07:34:18', 1, 1),
(30, 39, 'Email Templates', 1, '2018-07-02 16:26:28', '2018-07-02 16:26:28', 1, 1),
(31, 40, 'Languages ', 1, '2018-07-04 14:12:11', '2018-07-04 14:12:23', 1, 1),
(32, 43, 'Hobbies List', 1, '2018-10-05 00:00:00', '2018-11-30 09:30:09', 1, 1),
(34, 45, 'Groups List', 1, '2018-10-09 07:12:05', '2018-11-30 08:25:10', 1, 1),
(35, 46, 'Group Posts', 1, '2018-10-12 08:01:32', '2018-10-12 08:01:32', 1, 1),
(36, 47, 'Reported Posts', 1, '2018-11-01 06:32:12', '2018-11-30 08:26:25', 1, 1),
(37, 48, 'Reported Comments', 1, '2018-11-01 07:29:59', '2018-11-30 08:27:15', 1, 1),
(38, 49, 'Reported Groups', 1, '2018-11-02 08:43:12', '2018-11-30 08:25:42', 1, 1),
(39, 50, 'Badges List', 1, '2018-11-15 08:35:05', '2018-11-30 09:38:17', 1, 1),
(40, 51, 'Badge Requests', 1, '2018-11-15 10:21:49', '2018-11-30 09:39:30', 1, 1),
(41, 52, 'Suggested Hobbies', 1, '2018-11-16 11:22:54', '2018-11-30 09:32:43', 1, 1),
(42, 53, 'Account Types', 1, '2018-11-19 07:30:34', '2018-11-19 07:30:34', 1, 1),
(43, 54, 'Influencer Request', 1, '2018-11-22 07:40:38', '2018-11-30 08:18:55', 1, 1),
(44, 55, 'User Type', 1, '2018-11-22 13:47:48', '2018-11-22 13:47:48', 1, 1),
(46, 56, 'Group Reports', 1, '2018-11-26 12:55:27', '2018-11-26 12:55:27', 1, 1),
(47, 58, 'User Reports', 1, '2018-11-27 12:23:51', '2018-11-27 12:23:51', 1, 1),
(48, 59, 'Reports', 1, '2018-11-28 09:29:03', '2018-11-30 09:37:00', 1, 1),
(49, 60, 'Group Reports', 1, '2018-11-28 09:31:07', '2018-11-30 09:35:45', 1, 1),
(50, 61, 'User Reports', 1, '2018-11-28 09:32:02', '2018-11-30 09:36:11', 1, 1),
(51, 62, 'App Groups', 1, '2018-11-30 08:20:18', '2018-11-30 08:25:54', 1, 1),
(52, 63, 'Groups & Content', 1, '2018-11-30 08:24:03', '2018-11-30 10:45:38', 1, 1),
(53, 64, 'Hobbies', 1, '2018-11-30 08:28:16', '2018-11-30 10:45:06', 1, 1),
(54, 65, 'Generate Reports', 1, '2018-11-30 09:34:59', '2018-11-30 10:48:22', 1, 1),
(55, 66, 'Badges & Requests', 1, '2018-11-30 09:37:50', '2018-11-30 10:50:49', 1, 1);

-- --------------------------------------------------------

--
-- Table structure for table `modules_users_rights`
--

CREATE TABLE `modules_users_rights` (
  `ModuleRightID` int(11) NOT NULL,
  `ModuleID` int(11) NOT NULL,
  `UserID` int(11) NOT NULL,
  `CanView` tinyint(4) NOT NULL,
  `CanAdd` tinyint(4) NOT NULL,
  `CanEdit` tinyint(4) NOT NULL,
  `CanDelete` tinyint(4) NOT NULL,
  `CreatedAt` datetime NOT NULL,
  `UpdatedAt` datetime NOT NULL,
  `CreatedBy` int(11) NOT NULL,
  `UpdatedBy` int(11) NOT NULL
) ENGINE=InnoDB DEFAULT CHARSET=utf8;

--
-- Dumping data for table `modules_users_rights`
--

INSERT INTO `modules_users_rights` (`ModuleRightID`, `ModuleID`, `UserID`, `CanView`, `CanAdd`, `CanEdit`, `CanDelete`, `CreatedAt`, `UpdatedAt`, `CreatedBy`, `UpdatedBy`) VALUES
(10, 1, 7, 0, 0, 0, 0, '2018-06-28 10:55:57', '2018-06-28 11:21:04', 1, 1),
(11, 18, 7, 0, 0, 0, 0, '2018-06-28 10:55:57', '2018-06-28 11:21:04', 1, 1),
(12, 22, 7, 0, 0, 0, 0, '2018-06-28 10:55:57', '2018-06-28 11:21:04', 1, 1),
(13, 23, 7, 1, 1, 1, 1, '2018-06-28 10:55:57', '2018-06-28 11:21:04', 1, 1),
(14, 32, 7, 1, 1, 1, 1, '2018-06-28 10:55:57', '2018-06-28 11:21:04', 1, 1),
(15, 35, 7, 0, 0, 0, 0, '2018-06-28 10:55:57', '2018-06-28 11:21:04', 1, 1),
(16, 36, 7, 1, 1, 1, 1, '2018-06-29 12:42:13', '2018-06-29 12:42:13', 1, 1),
(17, 1, 1, 1, 1, 1, 1, '2018-06-28 10:55:57', '2018-11-01 07:04:07', 1, 1),
(18, 18, 1, 1, 1, 1, 1, '2018-06-28 10:55:57', '2018-11-01 07:04:07', 1, 1),
(19, 22, 1, 1, 1, 1, 1, '2018-06-28 10:55:57', '2018-11-01 07:04:07', 1, 1),
(20, 23, 1, 1, 1, 1, 1, '2018-06-28 10:55:57', '2018-11-01 07:04:07', 1, 1),
(21, 32, 1, 1, 1, 1, 1, '2018-06-28 10:55:57', '2018-11-01 07:04:07', 1, 1),
(22, 35, 1, 1, 1, 1, 1, '2018-06-28 10:55:57', '2018-11-01 07:04:07', 1, 1),
(23, 36, 1, 1, 1, 1, 1, '2018-06-29 12:42:13', '2018-06-29 12:42:13', 1, 1),
(28, 39, 1, 1, 1, 1, 1, '2018-07-02 16:26:28', '2018-07-02 16:26:28', 1, 1),
(29, 39, 7, 0, 0, 0, 0, '2018-07-02 16:26:28', '2018-07-02 16:26:28', 1, 1),
(30, 40, 1, 1, 1, 1, 1, '2018-07-04 14:12:11', '2018-07-04 14:12:11', 1, 1),
(31, 40, 7, 0, 0, 0, 0, '2018-07-04 14:12:11', '2018-07-04 14:12:11', 1, 1),
(48, 43, 1, 1, 1, 1, 1, '2018-10-03 19:48:40', '2018-11-01 07:04:07', 1, 1),
(115, 43, 32, 0, 0, 0, 0, '2018-10-04 21:51:22', '2018-10-04 21:52:17', 1, 1),
(123, 45, 1, 1, 1, 1, 1, '2018-10-09 07:12:05', '2018-11-01 07:04:07', 1, 1),
(124, 45, 39, 1, 1, 1, 1, '2018-10-09 07:12:05', '2018-10-09 07:12:05', 1, 1),
(125, 45, 40, 1, 1, 1, 1, '2018-10-09 07:12:05', '2018-10-09 07:12:05', 1, 1),
(126, 45, 41, 1, 1, 1, 1, '2018-10-09 07:12:05', '2018-10-09 07:12:05', 1, 1),
(127, 45, 42, 1, 1, 1, 1, '2018-10-09 07:12:05', '2018-10-09 07:12:05', 1, 1),
(128, 45, 43, 1, 1, 1, 1, '2018-10-09 07:12:05', '2018-10-09 07:12:05', 1, 1),
(129, 45, 44, 1, 1, 1, 1, '2018-10-09 07:12:05', '2018-10-09 07:12:05', 1, 1),
(130, 47, 1, 1, 1, 1, 1, '2018-11-01 06:32:12', '2018-11-01 07:04:07', 1, 1),
(131, 47, 51, 1, 1, 1, 1, '2018-11-01 06:32:12', '2018-11-01 06:32:12', 1, 1),
(132, 47, 52, 1, 1, 1, 1, '2018-11-01 06:32:12', '2018-11-01 06:32:12', 1, 1),
(133, 47, 53, 1, 1, 1, 1, '2018-11-01 06:32:12', '2018-11-01 06:32:12', 1, 1),
(134, 47, 54, 1, 1, 1, 1, '2018-11-01 06:32:12', '2018-11-01 06:32:12', 1, 1),
(135, 47, 55, 1, 1, 1, 1, '2018-11-01 06:32:12', '2018-11-01 06:32:12', 1, 1),
(136, 47, 56, 1, 1, 1, 1, '2018-11-01 06:32:12', '2018-11-01 06:32:12', 1, 1),
(137, 47, 57, 1, 1, 1, 1, '2018-11-01 06:32:12', '2018-11-01 06:32:12', 1, 1),
(138, 47, 58, 1, 1, 1, 1, '2018-11-01 06:32:12', '2018-11-01 06:32:12', 1, 1),
(139, 47, 59, 1, 1, 1, 1, '2018-11-01 06:32:12', '2018-11-01 06:32:12', 1, 1),
(140, 47, 60, 1, 1, 1, 1, '2018-11-01 06:32:12', '2018-11-01 06:32:12', 1, 1),
(141, 47, 61, 1, 1, 1, 1, '2018-11-01 06:32:12', '2018-11-01 06:32:12', 1, 1),
(142, 47, 62, 1, 1, 1, 1, '2018-11-01 06:32:12', '2018-11-01 06:32:12', 1, 1),
(143, 46, 1, 1, 1, 1, 1, '2018-11-01 06:32:12', '2018-11-01 07:04:07', 1, 1),
(144, 48, 1, 1, 1, 1, 1, '2018-11-01 07:29:59', '2018-11-01 07:29:59', 1, 1),
(145, 48, 51, 1, 1, 1, 1, '2018-11-01 07:29:59', '2018-11-01 07:29:59', 1, 1),
(146, 48, 52, 1, 1, 1, 1, '2018-11-01 07:29:59', '2018-11-01 07:29:59', 1, 1),
(147, 48, 53, 1, 1, 1, 1, '2018-11-01 07:29:59', '2018-11-01 07:29:59', 1, 1),
(148, 48, 54, 1, 1, 1, 1, '2018-11-01 07:29:59', '2018-11-01 07:29:59', 1, 1),
(149, 48, 55, 1, 1, 1, 1, '2018-11-01 07:29:59', '2018-11-01 07:29:59', 1, 1),
(150, 48, 56, 1, 1, 1, 1, '2018-11-01 07:29:59', '2018-11-01 07:29:59', 1, 1),
(151, 48, 57, 1, 1, 1, 1, '2018-11-01 07:29:59', '2018-11-01 07:29:59', 1, 1),
(152, 48, 58, 1, 1, 1, 1, '2018-11-01 07:29:59', '2018-11-01 07:29:59', 1, 1),
(153, 48, 59, 1, 1, 1, 1, '2018-11-01 07:29:59', '2018-11-01 07:29:59', 1, 1),
(154, 48, 60, 1, 1, 1, 1, '2018-11-01 07:29:59', '2018-11-01 07:29:59', 1, 1),
(155, 48, 61, 1, 1, 1, 1, '2018-11-01 07:29:59', '2018-11-01 07:29:59', 1, 1),
(156, 48, 62, 1, 1, 1, 1, '2018-11-01 07:29:59', '2018-11-01 07:29:59', 1, 1),
(157, 49, 1, 1, 1, 1, 1, '2018-11-02 08:43:12', '2018-11-02 08:43:12', 1, 1),
(158, 49, 51, 1, 1, 1, 1, '2018-11-02 08:43:12', '2018-11-02 08:43:12', 1, 1),
(159, 49, 52, 1, 1, 1, 1, '2018-11-02 08:43:12', '2018-11-02 08:43:12', 1, 1),
(160, 49, 53, 1, 1, 1, 1, '2018-11-02 08:43:12', '2018-11-02 08:43:12', 1, 1),
(161, 49, 54, 1, 1, 1, 1, '2018-11-02 08:43:12', '2018-11-02 08:43:12', 1, 1),
(162, 49, 55, 1, 1, 1, 1, '2018-11-02 08:43:12', '2018-11-02 08:43:12', 1, 1),
(163, 49, 56, 1, 1, 1, 1, '2018-11-02 08:43:12', '2018-11-02 08:43:12', 1, 1),
(164, 49, 57, 1, 1, 1, 1, '2018-11-02 08:43:12', '2018-11-02 08:43:12', 1, 1),
(165, 49, 58, 1, 1, 1, 1, '2018-11-02 08:43:12', '2018-11-02 08:43:12', 1, 1),
(166, 49, 59, 1, 1, 1, 1, '2018-11-02 08:43:12', '2018-11-02 08:43:12', 1, 1),
(167, 49, 60, 1, 1, 1, 1, '2018-11-02 08:43:12', '2018-11-02 08:43:12', 1, 1),
(168, 49, 61, 1, 1, 1, 1, '2018-11-02 08:43:12', '2018-11-02 08:43:12', 1, 1),
(169, 49, 62, 1, 1, 1, 1, '2018-11-02 08:43:12', '2018-11-02 08:43:12', 1, 1),
(170, 50, 1, 1, 1, 1, 1, '2018-11-15 08:35:05', '2018-11-15 08:35:05', 1, 1),
(171, 50, 51, 1, 1, 1, 1, '2018-11-15 08:35:05', '2018-11-15 08:35:05', 1, 1),
(172, 50, 52, 1, 1, 1, 1, '2018-11-15 08:35:05', '2018-11-15 08:35:05', 1, 1),
(173, 50, 53, 1, 1, 1, 1, '2018-11-15 08:35:05', '2018-11-15 08:35:05', 1, 1),
(174, 50, 54, 1, 1, 1, 1, '2018-11-15 08:35:05', '2018-11-15 08:35:05', 1, 1),
(175, 50, 55, 1, 1, 1, 1, '2018-11-15 08:35:05', '2018-11-15 08:35:05', 1, 1),
(176, 50, 56, 1, 1, 1, 1, '2018-11-15 08:35:05', '2018-11-15 08:35:05', 1, 1),
(177, 50, 57, 1, 1, 1, 1, '2018-11-15 08:35:05', '2018-11-15 08:35:05', 1, 1),
(178, 50, 58, 1, 1, 1, 1, '2018-11-15 08:35:05', '2018-11-15 08:35:05', 1, 1),
(179, 50, 59, 1, 1, 1, 1, '2018-11-15 08:35:05', '2018-11-15 08:35:05', 1, 1),
(180, 50, 60, 1, 1, 1, 1, '2018-11-15 08:35:05', '2018-11-15 08:35:05', 1, 1),
(181, 50, 61, 1, 1, 1, 1, '2018-11-15 08:35:05', '2018-11-15 08:35:05', 1, 1),
(182, 50, 62, 1, 1, 1, 1, '2018-11-15 08:35:05', '2018-11-15 08:35:05', 1, 1),
(183, 50, 63, 1, 1, 1, 1, '2018-11-15 08:35:05', '2018-11-15 08:35:05', 1, 1),
(184, 50, 64, 1, 1, 1, 1, '2018-11-15 08:35:05', '2018-11-15 08:35:05', 1, 1),
(185, 50, 65, 1, 1, 1, 1, '2018-11-15 08:35:05', '2018-11-15 08:35:05', 1, 1),
(186, 50, 66, 1, 1, 1, 1, '2018-11-15 08:35:05', '2018-11-15 08:35:05', 1, 1),
(187, 50, 67, 1, 1, 1, 1, '2018-11-15 08:35:05', '2018-11-15 08:35:05', 1, 1),
(188, 50, 68, 1, 1, 1, 1, '2018-11-15 08:35:05', '2018-11-15 08:35:05', 1, 1),
(189, 51, 1, 1, 1, 1, 1, '2018-11-15 10:21:49', '2018-11-15 10:21:49', 1, 1),
(190, 51, 51, 1, 1, 1, 1, '2018-11-15 10:21:49', '2018-11-15 10:21:49', 1, 1),
(191, 51, 52, 1, 1, 1, 1, '2018-11-15 10:21:49', '2018-11-15 10:21:49', 1, 1),
(192, 51, 53, 1, 1, 1, 1, '2018-11-15 10:21:49', '2018-11-15 10:21:49', 1, 1),
(193, 51, 54, 1, 1, 1, 1, '2018-11-15 10:21:49', '2018-11-15 10:21:49', 1, 1),
(194, 51, 55, 1, 1, 1, 1, '2018-11-15 10:21:49', '2018-11-15 10:21:49', 1, 1),
(195, 51, 56, 1, 1, 1, 1, '2018-11-15 10:21:49', '2018-11-15 10:21:49', 1, 1),
(196, 51, 57, 1, 1, 1, 1, '2018-11-15 10:21:49', '2018-11-15 10:21:49', 1, 1),
(197, 51, 58, 1, 1, 1, 1, '2018-11-15 10:21:49', '2018-11-15 10:21:49', 1, 1),
(198, 51, 59, 1, 1, 1, 1, '2018-11-15 10:21:49', '2018-11-15 10:21:49', 1, 1),
(199, 51, 60, 1, 1, 1, 1, '2018-11-15 10:21:49', '2018-11-15 10:21:49', 1, 1),
(200, 51, 61, 1, 1, 1, 1, '2018-11-15 10:21:49', '2018-11-15 10:21:49', 1, 1),
(201, 51, 62, 1, 1, 1, 1, '2018-11-15 10:21:49', '2018-11-15 10:21:49', 1, 1),
(202, 51, 63, 1, 1, 1, 1, '2018-11-15 10:21:49', '2018-11-15 10:21:49', 1, 1),
(203, 51, 64, 1, 1, 1, 1, '2018-11-15 10:21:49', '2018-11-15 10:21:49', 1, 1),
(204, 51, 65, 1, 1, 1, 1, '2018-11-15 10:21:49', '2018-11-15 10:21:49', 1, 1),
(205, 51, 66, 1, 1, 1, 1, '2018-11-15 10:21:49', '2018-11-15 10:21:49', 1, 1),
(206, 51, 67, 1, 1, 1, 1, '2018-11-15 10:21:49', '2018-11-15 10:21:49', 1, 1),
(207, 51, 68, 1, 1, 1, 1, '2018-11-15 10:21:49', '2018-11-15 10:21:49', 1, 1),
(208, 52, 1, 1, 1, 1, 1, '2018-11-16 11:22:54', '2018-11-16 11:22:54', 1, 1),
(209, 52, 51, 1, 1, 1, 1, '2018-11-16 11:22:54', '2018-11-16 11:22:54', 1, 1),
(210, 52, 52, 1, 1, 1, 1, '2018-11-16 11:22:54', '2018-11-16 11:22:54', 1, 1),
(211, 52, 53, 1, 1, 1, 1, '2018-11-16 11:22:54', '2018-11-16 11:22:54', 1, 1),
(212, 52, 54, 1, 1, 1, 1, '2018-11-16 11:22:54', '2018-11-16 11:22:54', 1, 1),
(213, 52, 55, 1, 1, 1, 1, '2018-11-16 11:22:54', '2018-11-16 11:22:54', 1, 1),
(214, 52, 56, 1, 1, 1, 1, '2018-11-16 11:22:54', '2018-11-16 11:22:54', 1, 1),
(215, 52, 57, 1, 1, 1, 1, '2018-11-16 11:22:54', '2018-11-16 11:22:54', 1, 1),
(216, 52, 58, 1, 1, 1, 1, '2018-11-16 11:22:54', '2018-11-16 11:22:54', 1, 1),
(217, 52, 59, 1, 1, 1, 1, '2018-11-16 11:22:54', '2018-11-16 11:22:54', 1, 1),
(218, 52, 60, 1, 1, 1, 1, '2018-11-16 11:22:54', '2018-11-16 11:22:54', 1, 1),
(219, 52, 61, 1, 1, 1, 1, '2018-11-16 11:22:54', '2018-11-16 11:22:54', 1, 1),
(220, 52, 62, 1, 1, 1, 1, '2018-11-16 11:22:54', '2018-11-16 11:22:54', 1, 1),
(221, 52, 63, 1, 1, 1, 1, '2018-11-16 11:22:54', '2018-11-16 11:22:54', 1, 1),
(222, 52, 64, 1, 1, 1, 1, '2018-11-16 11:22:54', '2018-11-16 11:22:54', 1, 1),
(223, 52, 65, 1, 1, 1, 1, '2018-11-16 11:22:54', '2018-11-16 11:22:54', 1, 1),
(224, 52, 66, 1, 1, 1, 1, '2018-11-16 11:22:54', '2018-11-16 11:22:54', 1, 1),
(225, 52, 67, 1, 1, 1, 1, '2018-11-16 11:22:54', '2018-11-16 11:22:54', 1, 1),
(226, 52, 68, 1, 1, 1, 1, '2018-11-16 11:22:54', '2018-11-16 11:22:54', 1, 1),
(227, 53, 1, 1, 1, 1, 1, '2018-11-19 07:30:34', '2018-11-19 07:30:34', 1, 1),
(228, 53, 51, 1, 1, 1, 1, '2018-11-19 07:30:34', '2018-11-19 07:30:34', 1, 1),
(229, 53, 52, 1, 1, 1, 1, '2018-11-19 07:30:34', '2018-11-19 07:30:34', 1, 1),
(230, 53, 53, 1, 1, 1, 1, '2018-11-19 07:30:34', '2018-11-19 07:30:34', 1, 1),
(231, 53, 54, 1, 1, 1, 1, '2018-11-19 07:30:34', '2018-11-19 07:30:34', 1, 1),
(232, 53, 55, 1, 1, 1, 1, '2018-11-19 07:30:34', '2018-11-19 07:30:34', 1, 1),
(233, 53, 56, 1, 1, 1, 1, '2018-11-19 07:30:34', '2018-11-19 07:30:34', 1, 1),
(234, 53, 57, 1, 1, 1, 1, '2018-11-19 07:30:34', '2018-11-19 07:30:34', 1, 1),
(235, 53, 58, 1, 1, 1, 1, '2018-11-19 07:30:34', '2018-11-19 07:30:34', 1, 1),
(236, 53, 59, 1, 1, 1, 1, '2018-11-19 07:30:34', '2018-11-19 07:30:34', 1, 1),
(237, 53, 60, 1, 1, 1, 1, '2018-11-19 07:30:34', '2018-11-19 07:30:34', 1, 1),
(238, 53, 61, 1, 1, 1, 1, '2018-11-19 07:30:34', '2018-11-19 07:30:34', 1, 1),
(239, 53, 62, 1, 1, 1, 1, '2018-11-19 07:30:34', '2018-11-19 07:30:34', 1, 1),
(240, 53, 63, 1, 1, 1, 1, '2018-11-19 07:30:34', '2018-11-19 07:30:34', 1, 1),
(241, 53, 64, 1, 1, 1, 1, '2018-11-19 07:30:34', '2018-11-19 07:30:34', 1, 1),
(242, 53, 65, 1, 1, 1, 1, '2018-11-19 07:30:34', '2018-11-19 07:30:34', 1, 1),
(243, 53, 66, 1, 1, 1, 1, '2018-11-19 07:30:34', '2018-11-19 07:30:34', 1, 1),
(244, 53, 67, 1, 1, 1, 1, '2018-11-19 07:30:34', '2018-11-19 07:30:34', 1, 1),
(245, 53, 68, 1, 1, 1, 1, '2018-11-19 07:30:34', '2018-11-19 07:30:34', 1, 1),
(246, 53, 69, 1, 1, 1, 1, '2018-11-19 07:30:34', '2018-11-19 07:30:34', 1, 1),
(247, 54, 1, 1, 1, 1, 1, '2018-11-22 07:40:38', '2018-11-22 07:40:38', 1, 1),
(248, 54, 51, 1, 1, 1, 1, '2018-11-22 07:40:38', '2018-11-22 07:40:38', 1, 1),
(249, 54, 52, 1, 1, 1, 1, '2018-11-22 07:40:38', '2018-11-22 07:40:38', 1, 1),
(250, 54, 53, 1, 1, 1, 1, '2018-11-22 07:40:38', '2018-11-22 07:40:38', 1, 1),
(251, 54, 54, 1, 1, 1, 1, '2018-11-22 07:40:38', '2018-11-22 07:40:38', 1, 1),
(252, 54, 55, 1, 1, 1, 1, '2018-11-22 07:40:38', '2018-11-22 07:40:38', 1, 1),
(253, 54, 56, 1, 1, 1, 1, '2018-11-22 07:40:38', '2018-11-22 07:40:38', 1, 1),
(254, 54, 57, 1, 1, 1, 1, '2018-11-22 07:40:38', '2018-11-22 07:40:38', 1, 1),
(255, 54, 58, 1, 1, 1, 1, '2018-11-22 07:40:38', '2018-11-22 07:40:38', 1, 1),
(256, 54, 59, 1, 1, 1, 1, '2018-11-22 07:40:38', '2018-11-22 07:40:38', 1, 1),
(257, 54, 60, 1, 1, 1, 1, '2018-11-22 07:40:38', '2018-11-22 07:40:38', 1, 1),
(258, 54, 61, 1, 1, 1, 1, '2018-11-22 07:40:38', '2018-11-22 07:40:38', 1, 1),
(259, 54, 62, 1, 1, 1, 1, '2018-11-22 07:40:38', '2018-11-22 07:40:38', 1, 1),
(260, 54, 63, 1, 1, 1, 1, '2018-11-22 07:40:38', '2018-11-22 07:40:38', 1, 1),
(261, 54, 64, 1, 1, 1, 1, '2018-11-22 07:40:38', '2018-11-22 07:40:38', 1, 1),
(262, 54, 65, 1, 1, 1, 1, '2018-11-22 07:40:38', '2018-11-22 07:40:38', 1, 1),
(263, 54, 66, 1, 1, 1, 1, '2018-11-22 07:40:38', '2018-11-22 07:40:38', 1, 1),
(264, 54, 67, 1, 1, 1, 1, '2018-11-22 07:40:38', '2018-11-22 07:40:38', 1, 1),
(265, 54, 68, 1, 1, 1, 1, '2018-11-22 07:40:38', '2018-11-22 07:40:38', 1, 1),
(266, 54, 69, 1, 1, 1, 1, '2018-11-22 07:40:38', '2018-11-22 07:40:38', 1, 1),
(267, 55, 1, 1, 1, 1, 1, '2018-11-22 13:47:48', '2018-11-22 13:47:48', 1, 1),
(268, 55, 51, 1, 1, 1, 1, '2018-11-22 13:47:48', '2018-11-22 13:47:48', 1, 1),
(269, 55, 52, 1, 1, 1, 1, '2018-11-22 13:47:48', '2018-11-22 13:47:48', 1, 1),
(270, 55, 53, 1, 1, 1, 1, '2018-11-22 13:47:48', '2018-11-22 13:47:48', 1, 1),
(271, 55, 54, 1, 1, 1, 1, '2018-11-22 13:47:48', '2018-11-22 13:47:48', 1, 1),
(272, 55, 55, 1, 1, 1, 1, '2018-11-22 13:47:48', '2018-11-22 13:47:48', 1, 1),
(273, 55, 56, 1, 1, 1, 1, '2018-11-22 13:47:48', '2018-11-22 13:47:48', 1, 1),
(274, 55, 57, 1, 1, 1, 1, '2018-11-22 13:47:48', '2018-11-22 13:47:48', 1, 1),
(275, 55, 58, 1, 1, 1, 1, '2018-11-22 13:47:48', '2018-11-22 13:47:48', 1, 1),
(276, 55, 59, 1, 1, 1, 1, '2018-11-22 13:47:48', '2018-11-22 13:47:48', 1, 1),
(277, 55, 60, 1, 1, 1, 1, '2018-11-22 13:47:48', '2018-11-22 13:47:48', 1, 1),
(278, 55, 61, 1, 1, 1, 1, '2018-11-22 13:47:48', '2018-11-22 13:47:48', 1, 1),
(279, 55, 62, 1, 1, 1, 1, '2018-11-22 13:47:48', '2018-11-22 13:47:48', 1, 1),
(280, 55, 63, 1, 1, 1, 1, '2018-11-22 13:47:48', '2018-11-22 13:47:48', 1, 1),
(281, 55, 64, 1, 1, 1, 1, '2018-11-22 13:47:48', '2018-11-22 13:47:48', 1, 1),
(282, 55, 65, 1, 1, 1, 1, '2018-11-22 13:47:48', '2018-11-22 13:47:48', 1, 1),
(283, 55, 66, 1, 1, 1, 1, '2018-11-22 13:47:48', '2018-11-22 13:47:48', 1, 1),
(284, 55, 67, 1, 1, 1, 1, '2018-11-22 13:47:48', '2018-11-22 13:47:48', 1, 1),
(285, 55, 68, 1, 1, 1, 1, '2018-11-22 13:47:48', '2018-11-22 13:47:48', 1, 1),
(286, 55, 69, 1, 1, 1, 1, '2018-11-22 13:47:48', '2018-11-22 13:47:48', 1, 1),
(287, 56, 1, 1, 1, 1, 1, '2018-11-26 12:55:27', '2018-11-26 12:55:27', 1, 1),
(288, 56, 51, 1, 1, 1, 1, '2018-11-26 12:55:27', '2018-11-26 12:55:27', 1, 1),
(289, 56, 52, 1, 1, 1, 1, '2018-11-26 12:55:27', '2018-11-26 12:55:27', 1, 1),
(290, 56, 53, 1, 1, 1, 1, '2018-11-26 12:55:27', '2018-11-26 12:55:27', 1, 1),
(291, 56, 54, 1, 1, 1, 1, '2018-11-26 12:55:27', '2018-11-26 12:55:27', 1, 1),
(292, 56, 55, 1, 1, 1, 1, '2018-11-26 12:55:27', '2018-11-26 12:55:27', 1, 1),
(293, 56, 56, 1, 1, 1, 1, '2018-11-26 12:55:27', '2018-11-26 12:55:27', 1, 1),
(294, 56, 57, 1, 1, 1, 1, '2018-11-26 12:55:27', '2018-11-26 12:55:27', 1, 1),
(295, 56, 58, 1, 1, 1, 1, '2018-11-26 12:55:27', '2018-11-26 12:55:27', 1, 1),
(296, 56, 59, 1, 1, 1, 1, '2018-11-26 12:55:27', '2018-11-26 12:55:27', 1, 1),
(297, 56, 60, 1, 1, 1, 1, '2018-11-26 12:55:27', '2018-11-26 12:55:27', 1, 1),
(298, 56, 61, 1, 1, 1, 1, '2018-11-26 12:55:27', '2018-11-26 12:55:27', 1, 1),
(299, 56, 62, 1, 1, 1, 1, '2018-11-26 12:55:27', '2018-11-26 12:55:27', 1, 1),
(300, 56, 63, 1, 1, 1, 1, '2018-11-26 12:55:27', '2018-11-26 12:55:27', 1, 1),
(301, 56, 64, 1, 1, 1, 1, '2018-11-26 12:55:27', '2018-11-26 12:55:27', 1, 1),
(302, 56, 65, 1, 1, 1, 1, '2018-11-26 12:55:27', '2018-11-26 12:55:27', 1, 1),
(303, 56, 66, 1, 1, 1, 1, '2018-11-26 12:55:27', '2018-11-26 12:55:27', 1, 1),
(304, 56, 67, 1, 1, 1, 1, '2018-11-26 12:55:27', '2018-11-26 12:55:27', 1, 1),
(305, 56, 68, 1, 1, 1, 1, '2018-11-26 12:55:27', '2018-11-26 12:55:27', 1, 1),
(306, 56, 69, 1, 1, 1, 1, '2018-11-26 12:55:27', '2018-11-26 12:55:27', 1, 1),
(307, 58, 1, 1, 1, 1, 1, '2018-11-27 12:23:51', '2018-11-27 12:23:51', 1, 1),
(308, 58, 51, 1, 1, 1, 1, '2018-11-27 12:23:51', '2018-11-27 12:23:51', 1, 1),
(309, 58, 52, 1, 1, 1, 1, '2018-11-27 12:23:51', '2018-11-27 12:23:51', 1, 1),
(310, 58, 53, 1, 1, 1, 1, '2018-11-27 12:23:51', '2018-11-27 12:23:51', 1, 1),
(311, 58, 54, 1, 1, 1, 1, '2018-11-27 12:23:51', '2018-11-27 12:23:51', 1, 1),
(312, 58, 55, 1, 1, 1, 1, '2018-11-27 12:23:51', '2018-11-27 12:23:51', 1, 1),
(313, 58, 56, 1, 1, 1, 1, '2018-11-27 12:23:51', '2018-11-27 12:23:51', 1, 1),
(314, 58, 57, 1, 1, 1, 1, '2018-11-27 12:23:51', '2018-11-27 12:23:51', 1, 1),
(315, 58, 58, 1, 1, 1, 1, '2018-11-27 12:23:51', '2018-11-27 12:23:51', 1, 1),
(316, 58, 59, 1, 1, 1, 1, '2018-11-27 12:23:51', '2018-11-27 12:23:51', 1, 1),
(317, 58, 60, 1, 1, 1, 1, '2018-11-27 12:23:51', '2018-11-27 12:23:51', 1, 1),
(318, 58, 61, 1, 1, 1, 1, '2018-11-27 12:23:51', '2018-11-27 12:23:51', 1, 1),
(319, 58, 62, 1, 1, 1, 1, '2018-11-27 12:23:51', '2018-11-27 12:23:51', 1, 1),
(320, 58, 63, 1, 1, 1, 1, '2018-11-27 12:23:51', '2018-11-27 12:23:51', 1, 1),
(321, 58, 64, 1, 1, 1, 1, '2018-11-27 12:23:51', '2018-11-27 12:23:51', 1, 1),
(322, 58, 65, 1, 1, 1, 1, '2018-11-27 12:23:51', '2018-11-27 12:23:51', 1, 1),
(323, 58, 66, 1, 1, 1, 1, '2018-11-27 12:23:51', '2018-11-27 12:23:51', 1, 1),
(324, 58, 67, 1, 1, 1, 1, '2018-11-27 12:23:51', '2018-11-27 12:23:51', 1, 1),
(325, 58, 68, 1, 1, 1, 1, '2018-11-27 12:23:51', '2018-11-27 12:23:51', 1, 1),
(326, 58, 69, 1, 1, 1, 1, '2018-11-27 12:23:51', '2018-11-27 12:23:51', 1, 1),
(327, 59, 1, 1, 1, 1, 1, '2018-11-28 09:29:03', '2018-11-28 09:29:03', 1, 1),
(328, 59, 51, 1, 1, 1, 1, '2018-11-28 09:29:03', '2018-11-28 09:29:03', 1, 1),
(329, 59, 52, 1, 1, 1, 1, '2018-11-28 09:29:03', '2018-11-28 09:29:03', 1, 1),
(330, 59, 53, 1, 1, 1, 1, '2018-11-28 09:29:03', '2018-11-28 09:29:03', 1, 1),
(331, 59, 54, 1, 1, 1, 1, '2018-11-28 09:29:03', '2018-11-28 09:29:03', 1, 1),
(332, 59, 55, 1, 1, 1, 1, '2018-11-28 09:29:03', '2018-11-28 09:29:03', 1, 1),
(333, 59, 56, 1, 1, 1, 1, '2018-11-28 09:29:03', '2018-11-28 09:29:03', 1, 1),
(334, 59, 57, 1, 1, 1, 1, '2018-11-28 09:29:03', '2018-11-28 09:29:03', 1, 1),
(335, 59, 58, 1, 1, 1, 1, '2018-11-28 09:29:03', '2018-11-28 09:29:03', 1, 1),
(336, 59, 59, 1, 1, 1, 1, '2018-11-28 09:29:03', '2018-11-28 09:29:03', 1, 1),
(337, 59, 60, 1, 1, 1, 1, '2018-11-28 09:29:03', '2018-11-28 09:29:03', 1, 1),
(338, 59, 61, 1, 1, 1, 1, '2018-11-28 09:29:03', '2018-11-28 09:29:03', 1, 1),
(339, 59, 62, 1, 1, 1, 1, '2018-11-28 09:29:03', '2018-11-28 09:29:03', 1, 1),
(340, 59, 63, 1, 1, 1, 1, '2018-11-28 09:29:03', '2018-11-28 09:29:03', 1, 1),
(341, 59, 64, 1, 1, 1, 1, '2018-11-28 09:29:03', '2018-11-28 09:29:03', 1, 1),
(342, 59, 65, 1, 1, 1, 1, '2018-11-28 09:29:03', '2018-11-28 09:29:03', 1, 1),
(343, 59, 66, 1, 1, 1, 1, '2018-11-28 09:29:03', '2018-11-28 09:29:03', 1, 1),
(344, 59, 67, 1, 1, 1, 1, '2018-11-28 09:29:03', '2018-11-28 09:29:03', 1, 1),
(345, 59, 68, 1, 1, 1, 1, '2018-11-28 09:29:03', '2018-11-28 09:29:03', 1, 1),
(346, 59, 69, 1, 1, 1, 1, '2018-11-28 09:29:03', '2018-11-28 09:29:03', 1, 1),
(347, 60, 1, 1, 1, 1, 1, '2018-11-28 09:31:07', '2018-11-28 09:31:07', 1, 1),
(348, 60, 51, 1, 1, 1, 1, '2018-11-28 09:31:07', '2018-11-28 09:31:07', 1, 1),
(349, 60, 52, 1, 1, 1, 1, '2018-11-28 09:31:07', '2018-11-28 09:31:07', 1, 1),
(350, 60, 53, 1, 1, 1, 1, '2018-11-28 09:31:07', '2018-11-28 09:31:07', 1, 1),
(351, 60, 54, 1, 1, 1, 1, '2018-11-28 09:31:07', '2018-11-28 09:31:07', 1, 1),
(352, 60, 55, 1, 1, 1, 1, '2018-11-28 09:31:07', '2018-11-28 09:31:07', 1, 1),
(353, 60, 56, 1, 1, 1, 1, '2018-11-28 09:31:07', '2018-11-28 09:31:07', 1, 1),
(354, 60, 57, 1, 1, 1, 1, '2018-11-28 09:31:07', '2018-11-28 09:31:07', 1, 1),
(355, 60, 58, 1, 1, 1, 1, '2018-11-28 09:31:07', '2018-11-28 09:31:07', 1, 1),
(356, 60, 59, 1, 1, 1, 1, '2018-11-28 09:31:07', '2018-11-28 09:31:07', 1, 1),
(357, 60, 60, 1, 1, 1, 1, '2018-11-28 09:31:07', '2018-11-28 09:31:07', 1, 1),
(358, 60, 61, 1, 1, 1, 1, '2018-11-28 09:31:07', '2018-11-28 09:31:07', 1, 1),
(359, 60, 62, 1, 1, 1, 1, '2018-11-28 09:31:07', '2018-11-28 09:31:07', 1, 1),
(360, 60, 63, 1, 1, 1, 1, '2018-11-28 09:31:07', '2018-11-28 09:31:07', 1, 1),
(361, 60, 64, 1, 1, 1, 1, '2018-11-28 09:31:07', '2018-11-28 09:31:07', 1, 1),
(362, 60, 65, 1, 1, 1, 1, '2018-11-28 09:31:07', '2018-11-28 09:31:07', 1, 1),
(363, 60, 66, 1, 1, 1, 1, '2018-11-28 09:31:07', '2018-11-28 09:31:07', 1, 1),
(364, 60, 67, 1, 1, 1, 1, '2018-11-28 09:31:07', '2018-11-28 09:31:07', 1, 1),
(365, 60, 68, 1, 1, 1, 1, '2018-11-28 09:31:07', '2018-11-28 09:31:07', 1, 1),
(366, 60, 69, 1, 1, 1, 1, '2018-11-28 09:31:07', '2018-11-28 09:31:07', 1, 1),
(367, 61, 1, 1, 1, 1, 1, '2018-11-28 09:32:02', '2018-11-28 09:32:02', 1, 1),
(368, 61, 51, 1, 1, 1, 1, '2018-11-28 09:32:02', '2018-11-28 09:32:02', 1, 1),
(369, 61, 52, 1, 1, 1, 1, '2018-11-28 09:32:02', '2018-11-28 09:32:02', 1, 1),
(370, 61, 53, 1, 1, 1, 1, '2018-11-28 09:32:02', '2018-11-28 09:32:02', 1, 1),
(371, 61, 54, 1, 1, 1, 1, '2018-11-28 09:32:02', '2018-11-28 09:32:02', 1, 1),
(372, 61, 55, 1, 1, 1, 1, '2018-11-28 09:32:02', '2018-11-28 09:32:02', 1, 1),
(373, 61, 56, 1, 1, 1, 1, '2018-11-28 09:32:02', '2018-11-28 09:32:02', 1, 1),
(374, 61, 57, 1, 1, 1, 1, '2018-11-28 09:32:02', '2018-11-28 09:32:02', 1, 1),
(375, 61, 58, 1, 1, 1, 1, '2018-11-28 09:32:02', '2018-11-28 09:32:02', 1, 1),
(376, 61, 59, 1, 1, 1, 1, '2018-11-28 09:32:02', '2018-11-28 09:32:02', 1, 1),
(377, 61, 60, 1, 1, 1, 1, '2018-11-28 09:32:02', '2018-11-28 09:32:02', 1, 1),
(378, 61, 61, 1, 1, 1, 1, '2018-11-28 09:32:02', '2018-11-28 09:32:02', 1, 1),
(379, 61, 62, 1, 1, 1, 1, '2018-11-28 09:32:02', '2018-11-28 09:32:02', 1, 1),
(380, 61, 63, 1, 1, 1, 1, '2018-11-28 09:32:02', '2018-11-28 09:32:02', 1, 1),
(381, 61, 64, 1, 1, 1, 1, '2018-11-28 09:32:02', '2018-11-28 09:32:02', 1, 1),
(382, 61, 65, 1, 1, 1, 1, '2018-11-28 09:32:02', '2018-11-28 09:32:02', 1, 1),
(383, 61, 66, 1, 1, 1, 1, '2018-11-28 09:32:02', '2018-11-28 09:32:02', 1, 1),
(384, 61, 67, 1, 1, 1, 1, '2018-11-28 09:32:02', '2018-11-28 09:32:02', 1, 1),
(385, 61, 68, 1, 1, 1, 1, '2018-11-28 09:32:02', '2018-11-28 09:32:02', 1, 1),
(386, 61, 69, 1, 1, 1, 1, '2018-11-28 09:32:02', '2018-11-28 09:32:02', 1, 1),
(387, 62, 1, 1, 1, 1, 1, '2018-11-30 08:20:18', '2018-11-30 08:20:18', 1, 1),
(388, 62, 77, 1, 1, 1, 1, '2018-11-30 08:20:18', '2018-11-30 08:20:18', 1, 1),
(389, 62, 78, 1, 1, 1, 1, '2018-11-30 08:20:18', '2018-11-30 08:20:18', 1, 1),
(390, 62, 79, 1, 1, 1, 1, '2018-11-30 08:20:18', '2018-11-30 08:20:18', 1, 1),
(391, 62, 80, 1, 1, 1, 1, '2018-11-30 08:20:18', '2018-11-30 08:20:18', 1, 1),
(392, 63, 1, 1, 1, 1, 1, '2018-11-30 08:24:03', '2018-11-30 08:24:03', 1, 1),
(393, 63, 77, 1, 1, 1, 1, '2018-11-30 08:24:03', '2018-11-30 08:24:03', 1, 1),
(394, 63, 78, 1, 1, 1, 1, '2018-11-30 08:24:03', '2018-11-30 08:24:03', 1, 1),
(395, 63, 79, 1, 1, 1, 1, '2018-11-30 08:24:03', '2018-11-30 08:24:03', 1, 1),
(396, 63, 80, 1, 1, 1, 1, '2018-11-30 08:24:03', '2018-11-30 08:24:03', 1, 1),
(397, 64, 1, 1, 1, 1, 1, '2018-11-30 08:28:16', '2018-11-30 08:28:16', 1, 1),
(398, 64, 77, 1, 1, 1, 1, '2018-11-30 08:28:16', '2018-11-30 08:28:16', 1, 1),
(399, 64, 78, 1, 1, 1, 1, '2018-11-30 08:28:16', '2018-11-30 08:28:16', 1, 1),
(400, 64, 79, 1, 1, 1, 1, '2018-11-30 08:28:16', '2018-11-30 08:28:16', 1, 1),
(401, 64, 80, 1, 1, 1, 1, '2018-11-30 08:28:16', '2018-11-30 08:28:16', 1, 1),
(402, 65, 1, 1, 1, 1, 1, '2018-11-30 09:34:59', '2018-11-30 09:34:59', 1, 1),
(403, 65, 77, 1, 1, 1, 1, '2018-11-30 09:34:59', '2018-11-30 09:34:59', 1, 1),
(404, 65, 78, 1, 1, 1, 1, '2018-11-30 09:34:59', '2018-11-30 09:34:59', 1, 1),
(405, 65, 79, 1, 1, 1, 1, '2018-11-30 09:34:59', '2018-11-30 09:34:59', 1, 1),
(406, 65, 80, 1, 1, 1, 1, '2018-11-30 09:34:59', '2018-11-30 09:34:59', 1, 1),
(407, 66, 1, 1, 1, 1, 1, '2018-11-30 09:37:50', '2018-11-30 09:37:50', 1, 1),
(408, 66, 77, 1, 1, 1, 1, '2018-11-30 09:37:50', '2018-11-30 09:37:50', 1, 1),
(409, 66, 78, 1, 1, 1, 1, '2018-11-30 09:37:50', '2018-11-30 09:37:50', 1, 1),
(410, 66, 79, 1, 1, 1, 1, '2018-11-30 09:37:50', '2018-11-30 09:37:50', 1, 1),
(411, 66, 80, 1, 1, 1, 1, '2018-11-30 09:37:50', '2018-11-30 09:37:50', 1, 1);

-- --------------------------------------------------------

--
-- Table structure for table `notification_types`
--

CREATE TABLE `notification_types` (
  `NotificationTypeID` int(11) NOT NULL,
  `NotificationTextEn` mediumtext NOT NULL,
  `NotificationTextAr` text NOT NULL
) ENGINE=MyISAM DEFAULT CHARSET=utf8;

--
-- Dumping data for table `notification_types`
--

INSERT INTO `notification_types` (`NotificationTypeID`, `NotificationTextEn`, `NotificationTextAr`) VALUES
(1, 'has liked your post', 'أعجبه مشاركتك'),
(2, 'has commented on your post', 'قد علّق على مشاركتك'),
(3, 'You are now following', 'أنت الآن تتابع'),
(4, 'started following you', 'بدات الاحقك'),
(5, 'has joined your group', 'انضم إلى مجموعتك'),
(6, 'Your hobby suggestion is approved', 'تمت الموافقة على اقتراح هوايتك'),
(7, 'Your hobby suggestion is rejected', 'اقتراح الهواية الخاص بك مرفوض'),
(8, 'Your user type is upgraded to PRO now', 'يتم ترقية نوع المستخدم الخاص بك إلى المهنية الآن'),
(9, 'Your account type is upgraded to Platinum now', 'تتم ترقية نوع المستخدم الخاص بك إلى البلاتين الآن'),
(10, 'has mentioned you in a comment', 'قد ذكر لك في تعليق'),
(11, 'has send you a message', 'قد ارسل لك رسالة');

-- --------------------------------------------------------

--
-- Table structure for table `posts`
--

CREATE TABLE `posts` (
  `PostID` int(11) NOT NULL,
  `UrlLink` varchar(255) DEFAULT NULL,
  `GroupID` int(11) NOT NULL,
  `UserID` int(11) NOT NULL,
  `IsActive` tinyint(4) NOT NULL DEFAULT '1',
  `Hide` tinyint(4) NOT NULL,
  `PinnedPost` tinyint(4) NOT NULL DEFAULT '0',
  `SortOrder` int(11) NOT NULL,
  `CreatedAt` varchar(255) NOT NULL,
  `UpdatedAt` varchar(255) NOT NULL,
  `CreatedBy` int(11) NOT NULL,
  `UpdatedBy` int(11) NOT NULL
) ENGINE=MyISAM DEFAULT CHARSET=utf8;

--
-- Dumping data for table `posts`
--

INSERT INTO `posts` (`PostID`, `UrlLink`, `GroupID`, `UserID`, `IsActive`, `Hide`, `PinnedPost`, `SortOrder`, `CreatedAt`, `UpdatedAt`, `CreatedBy`, `UpdatedBy`) VALUES
(1, NULL, 1, 77, 1, 0, 1, 0, '1543475501', '1543475501', 77, 77),
(2, NULL, 2, 78, 1, 0, 1, 0, '1543475704', '1543475704', 78, 78),
(3, NULL, 2, 78, 1, 0, 0, 0, '1543475773', '', 0, 0),
(4, NULL, 2, 78, 1, 0, 0, 0, '1543559199', '', 0, 0);

-- --------------------------------------------------------

--
-- Table structure for table `posts_reported`
--

CREATE TABLE `posts_reported` (
  `PostReportID` int(11) NOT NULL,
  `UserID` int(11) NOT NULL,
  `PostID` int(11) NOT NULL,
  `ReportReason` text NOT NULL,
  `ReportedOn` varchar(255) NOT NULL
) ENGINE=MyISAM DEFAULT CHARSET=utf8;

-- --------------------------------------------------------

--
-- Table structure for table `posts_text`
--

CREATE TABLE `posts_text` (
  `PostTextID` int(11) NOT NULL,
  `PostID` int(11) NOT NULL,
  `PostText` text NOT NULL,
  `SystemLanguageID` int(11) NOT NULL
) ENGINE=MyISAM DEFAULT CHARSET=utf8;

--
-- Dumping data for table `posts_text`
--

INSERT INTO `posts_text` (`PostTextID`, `PostID`, `PostText`, `SystemLanguageID`) VALUES
(1, 1, 'Welcome to the group. Feel free to discuss anything here.', 1),
(2, 2, 'Welcome to the group. Feel free to discuss anything here.', 1),
(3, 3, 'Hi how are you all', 1),
(4, 4, 'Two Images', 1);

-- --------------------------------------------------------

--
-- Table structure for table `post_comments`
--

CREATE TABLE `post_comments` (
  `PostCommentID` int(11) NOT NULL,
  `PostID` int(11) NOT NULL,
  `UserID` int(11) NOT NULL,
  `MentionedUserID` varchar(255) NOT NULL,
  `MentionedUserName` text NOT NULL,
  `Comment` text NOT NULL,
  `CreatedAt` varchar(255) NOT NULL,
  `UpdatedAt` varchar(255) NOT NULL
) ENGINE=MyISAM DEFAULT CHARSET=utf8;

--
-- Dumping data for table `post_comments`
--

INSERT INTO `post_comments` (`PostCommentID`, `PostID`, `UserID`, `MentionedUserID`, `MentionedUserName`, `Comment`, `CreatedAt`, `UpdatedAt`) VALUES
(1, 1, 79, '77', '@waqar', 'Hi @waqar ', '1543508544', ''),
(2, 1, 79, '', '', 'Hello', '1543508544', ''),
(3, 1, 78, '77', '@waqar', 'Hi @waqar ', '1543557713', ''),
(4, 1, 78, '', '', 'Hi ', '1543557721', ''),
(5, 1, 78, '', '', '', '1543557735', ''),
(6, 1, 78, '79', '@Basit_Chughtai', '@Basit_Chughtai ', '1543557780', ''),
(7, 1, 77, '', '', 'hello', '1543557900', ''),
(8, 1, 77, '79', '@Basit_Chughtai', ' @Basit_Chughtai', '1543557909', ''),
(9, 1, 77, '', '', 'he', '1543557967', ''),
(10, 1, 79, '78', '@Muhammad_Salman', 'Thanks @Muhammad_Salman ', '1543559019', ''),
(11, 1, 77, '', '', '', '1543559244', ''),
(12, 1, 79, '', '', '', '1543559622', ''),
(13, 1, 80, '', '', '????', '1543561230', ''),
(14, 1, 80, '', '', ' ??', '1543561420', ''),
(15, 1, 80, '', '', 'Hello ? ', '1543561655', ''),
(16, 1, 80, '', '', ':‑)', '1543561773', ''),
(17, 3, 78, '', '', '????', '1543562088', ''),
(18, 1, 78, '', '', '\\ud83d\\ude1d', '1543564893', ''),
(19, 2, 78, '', '', '\\ud83d\\ude1d\\ud83d\\ude1d', '1543564972', ''),
(20, 2, 78, '', '', '', '1543564998', ''),
(21, 1, 78, '', '', 'Hi how are \\ud83d\\ude1d\\ud83d\\ude1d\\ud83d\\ude1d\\ud83d\\ude1d', '1543565597', '');

-- --------------------------------------------------------

--
-- Table structure for table `post_comment_images`
--

CREATE TABLE `post_comment_images` (
  `PostCommentImageID` int(11) NOT NULL,
  `CommentID` int(11) NOT NULL,
  `PostID` int(11) NOT NULL,
  `Image` varchar(255) NOT NULL,
  `CompressedImage` varchar(255) NOT NULL
) ENGINE=MyISAM DEFAULT CHARSET=utf8;

--
-- Dumping data for table `post_comment_images`
--

INSERT INTO `post_comment_images` (`PostCommentImageID`, `CommentID`, `PostID`, `Image`, `CompressedImage`) VALUES
(1, 5, 1, 'uploads/posts/images/image.11543557758.jpg', 'uploads/posts/images/compressed/image.11543557758.jpg'),
(2, 6, 1, 'uploads/posts/images/image.11543557810.jpg', 'uploads/posts/images/compressed/image.11543557810.jpg'),
(3, 9, 1, 'uploads/posts/images/user.11543557979.jpg', 'uploads/posts/images/compressed/user.11543557979.jpg'),
(4, 11, 1, 'uploads/posts/images/user.11543559255.jpg', 'uploads/posts/images/compressed/user.11543559255.jpg'),
(5, 20, 2, 'uploads/posts/images/image.11543565010.jpg', 'uploads/posts/images/compressed/image.11543565010.jpg');

-- --------------------------------------------------------

--
-- Table structure for table `post_images`
--

CREATE TABLE `post_images` (
  `PostImageID` int(11) NOT NULL,
  `PostID` int(11) NOT NULL,
  `Image` varchar(255) NOT NULL,
  `CompressedImage` varchar(255) NOT NULL
) ENGINE=MyISAM DEFAULT CHARSET=utf8;

--
-- Dumping data for table `post_images`
--

INSERT INTO `post_images` (`PostImageID`, `PostID`, `Image`, `CompressedImage`) VALUES
(1, 4, 'uploads/posts/images/image.11543559204.jpg', 'uploads/posts/images/compressed/image.11543559204.jpg'),
(2, 4, 'uploads/posts/images/image.21543559204.jpg', 'uploads/posts/images/compressed/image.21543559204.jpg');

-- --------------------------------------------------------

--
-- Table structure for table `post_likes`
--

CREATE TABLE `post_likes` (
  `PostLikeID` int(11) NOT NULL,
  `PostID` int(11) NOT NULL,
  `UserID` int(11) NOT NULL
) ENGINE=MyISAM DEFAULT CHARSET=utf8;

--
-- Dumping data for table `post_likes`
--

INSERT INTO `post_likes` (`PostLikeID`, `PostID`, `UserID`) VALUES
(1, 3, 78),
(12, 2, 77),
(15, 3, 77),
(16, 2, 78);

-- --------------------------------------------------------

--
-- Table structure for table `post_shares`
--

CREATE TABLE `post_shares` (
  `PostShareID` int(11) NOT NULL,
  `UserID` int(11) NOT NULL,
  `PostID` int(11) NOT NULL,
  `SharedAt` varchar(255) NOT NULL
) ENGINE=MyISAM DEFAULT CHARSET=utf8;

-- --------------------------------------------------------

--
-- Table structure for table `post_videos`
--

CREATE TABLE `post_videos` (
  `PostVideoID` int(11) NOT NULL,
  `PostID` int(11) NOT NULL,
  `Video` varchar(255) NOT NULL,
  `VideoThumb` varchar(255) NOT NULL
) ENGINE=MyISAM DEFAULT CHARSET=utf8;

-- --------------------------------------------------------

--
-- Table structure for table `reported_comments`
--

CREATE TABLE `reported_comments` (
  `ReportedCommentID` int(11) NOT NULL,
  `UserID` int(11) NOT NULL,
  `PostID` int(11) NOT NULL,
  `PostCommentID` int(11) NOT NULL,
  `CommentReportReason` varchar(500) NOT NULL,
  `CommentReportedOn` varchar(255) NOT NULL
) ENGINE=MyISAM DEFAULT CHARSET=utf8;

--
-- Dumping data for table `reported_comments`
--

INSERT INTO `reported_comments` (`ReportedCommentID`, `UserID`, `PostID`, `PostCommentID`, `CommentReportReason`, `CommentReportedOn`) VALUES
(1, 77, 1, 9, 'It\'s a spam', '1543477705'),
(2, 77, 1, 9, 'It\'s inappropriate', '1543477718'),
(3, 78, 2, 20, 'Inappropriate content?', ''),
(4, 79, 1, 5, 'Inappropriate content?', ''),
(5, 79, 1, 4, 'It\'s Spam', '');

-- --------------------------------------------------------

--
-- Table structure for table `report_groups`
--

CREATE TABLE `report_groups` (
  `ReportGroupID` int(11) NOT NULL,
  `UserID` int(11) NOT NULL,
  `GroupID` int(11) NOT NULL,
  `ReportReason` varchar(255) NOT NULL,
  `CreatedAt` datetime NOT NULL
) ENGINE=InnoDB DEFAULT CHARSET=utf8;

-- --------------------------------------------------------

--
-- Table structure for table `roles`
--

CREATE TABLE `roles` (
  `RoleID` int(11) NOT NULL,
  `SortOrder` int(11) NOT NULL,
  `Hide` tinyint(4) NOT NULL DEFAULT '0',
  `IsActive` tinyint(4) NOT NULL,
  `CreatedBy` datetime NOT NULL,
  `UpdatedBy` datetime NOT NULL,
  `CreatedAt` datetime NOT NULL,
  `UpdatedAt` datetime NOT NULL
) ENGINE=InnoDB DEFAULT CHARSET=utf8;

--
-- Dumping data for table `roles`
--

INSERT INTO `roles` (`RoleID`, `SortOrder`, `Hide`, `IsActive`, `CreatedBy`, `UpdatedBy`, `CreatedAt`, `UpdatedAt`) VALUES
(1, 0, 0, 1, '0000-00-00 00:00:00', '0000-00-00 00:00:00', '2018-04-03 00:00:00', '2018-04-03 00:00:00'),
(2, 1, 0, 1, '0000-00-00 00:00:00', '0000-00-00 00:00:00', '2018-05-02 11:37:19', '2018-05-02 12:03:34'),
(3, 2, 0, 1, '0000-00-00 00:00:00', '0000-00-00 00:00:00', '2018-05-04 17:33:54', '2018-06-27 13:41:29');

-- --------------------------------------------------------

--
-- Table structure for table `roles_text`
--

CREATE TABLE `roles_text` (
  `RoleTextID` int(11) NOT NULL,
  `RoleID` int(11) NOT NULL,
  `Title` varchar(255) NOT NULL,
  `SystemLanguageID` int(11) NOT NULL,
  `CreatedAt` datetime NOT NULL,
  `UpdatedAt` datetime NOT NULL,
  `CreatedBy` int(11) NOT NULL,
  `UpdatedBy` int(11) NOT NULL
) ENGINE=InnoDB DEFAULT CHARSET=utf8;

--
-- Dumping data for table `roles_text`
--

INSERT INTO `roles_text` (`RoleTextID`, `RoleID`, `Title`, `SystemLanguageID`, `CreatedAt`, `UpdatedAt`, `CreatedBy`, `UpdatedBy`) VALUES
(1, 1, 'Admin', 1, '0000-00-00 00:00:00', '0000-00-00 00:00:00', 0, 0),
(2, 2, 'Super Admin', 1, '2018-05-02 11:37:19', '2018-05-02 12:03:34', 1, 1),
(3, 2, 'Super Admin', 2, '2018-05-02 11:37:28', '2018-05-02 11:37:28', 1, 1),
(4, 3, 'App Users', 1, '2018-05-04 17:33:54', '2018-06-27 13:41:29', 1, 1);

-- --------------------------------------------------------

--
-- Table structure for table `site_images`
--

CREATE TABLE `site_images` (
  `SiteImageID` int(11) NOT NULL,
  `ImageType` varchar(50) NOT NULL,
  `FileID` int(11) NOT NULL,
  `ImageName` varchar(255) NOT NULL
) ENGINE=InnoDB DEFAULT CHARSET=utf8;

--
-- Dumping data for table `site_images`
--

INSERT INTO `site_images` (`SiteImageID`, `ImageType`, `FileID`, `ImageName`) VALUES
(1, 'EmailFile', 1, 'uploads/email_templates/1105560715201807040158222.jpg'),
(4, 'EmailFile', 1, 'uploads/email_templates/115024671201807040113315.jpg'),
(5, 'EmailFile', 2, 'uploads/email_templates/477024079201807040157553.jpg'),
(6, 'EmailFile', 2, 'uploads/email_templates/1068459207201807040157554.jpg'),
(1, 'EmailFile', 1, 'uploads/email_templates/1105560715201807040158222.jpg'),
(4, 'EmailFile', 1, 'uploads/email_templates/115024671201807040113315.jpg'),
(5, 'EmailFile', 2, 'uploads/email_templates/477024079201807040157553.jpg'),
(6, 'EmailFile', 2, 'uploads/email_templates/1068459207201807040157554.jpg');

-- --------------------------------------------------------

--
-- Table structure for table `site_settings`
--

CREATE TABLE `site_settings` (
  `SiteSettingID` int(11) NOT NULL,
  `SiteName` varchar(255) NOT NULL,
  `SiteImage` varchar(255) NOT NULL,
  `Email` varchar(255) NOT NULL,
  `Whatsapp` varchar(255) NOT NULL,
  `Skype` varchar(255) NOT NULL,
  `PhoneNumber` varchar(255) NOT NULL,
  `Fax` varchar(255) NOT NULL,
  `FacebookUrl` varchar(255) NOT NULL,
  `GoogleUrl` varchar(255) NOT NULL,
  `LinkedInUrl` varchar(255) NOT NULL,
  `TwitterUrl` varchar(255) NOT NULL,
  `CreatedAt` datetime NOT NULL,
  `UpdatedAt` datetime NOT NULL
) ENGINE=InnoDB DEFAULT CHARSET=utf8;

--
-- Dumping data for table `site_settings`
--

INSERT INTO `site_settings` (`SiteSettingID`, `SiteName`, `SiteImage`, `Email`, `Whatsapp`, `Skype`, `PhoneNumber`, `Fax`, `FacebookUrl`, `GoogleUrl`, `LinkedInUrl`, `TwitterUrl`, `CreatedAt`, `UpdatedAt`) VALUES
(1, 'Hobbies Admin', 'uploads/5733516428620181129115208hobbies_app_icon.png', 'test@cms.com', '123456789', '', '12345678', '', 'www.facebook.com', 'www.google.com', 'www.linkedin.com', 'www.twitter.com', '2018-04-03 14:33:23', '2018-11-30 11:19:21');

-- --------------------------------------------------------

--
-- Table structure for table `suggested_hobbies`
--

CREATE TABLE `suggested_hobbies` (
  `SuggestionID` int(11) NOT NULL,
  `UserID` int(11) NOT NULL,
  `HobbyName` text NOT NULL,
  `Description` text NOT NULL,
  `CategoryID` int(11) NOT NULL,
  `Status` enum('Pending','Approved','Rejected') NOT NULL DEFAULT 'Pending',
  `CreatedAt` varchar(255) NOT NULL
) ENGINE=MyISAM DEFAULT CHARSET=utf8;

-- --------------------------------------------------------

--
-- Table structure for table `system_languages`
--

CREATE TABLE `system_languages` (
  `SystemLanguageID` int(11) NOT NULL,
  `SystemLanguageTitle` varchar(255) NOT NULL,
  `ShortCode` varchar(255) NOT NULL,
  `IsDefault` tinyint(4) NOT NULL,
  `IsActive` tinyint(4) NOT NULL DEFAULT '1',
  `Hide` tinyint(4) NOT NULL DEFAULT '0',
  `CreatedAt` datetime NOT NULL,
  `UpdatedAt` datetime NOT NULL,
  `CreatedBy` int(11) NOT NULL,
  `UpdatedBy` int(11) NOT NULL
) ENGINE=InnoDB DEFAULT CHARSET=utf8;

--
-- Dumping data for table `system_languages`
--

INSERT INTO `system_languages` (`SystemLanguageID`, `SystemLanguageTitle`, `ShortCode`, `IsDefault`, `IsActive`, `Hide`, `CreatedAt`, `UpdatedAt`, `CreatedBy`, `UpdatedBy`) VALUES
(1, 'English', 'EN', 1, 0, 0, '2018-04-09 00:00:00', '2018-07-04 16:09:38', 0, 1),
(2, 'Arabic', 'AR', 0, 0, 0, '2018-04-09 00:00:00', '2018-07-04 16:07:19', 0, 1);

-- --------------------------------------------------------

--
-- Table structure for table `types`
--

CREATE TABLE `types` (
  `TypeID` int(11) NOT NULL,
  `SortOrder` int(11) NOT NULL,
  `Hide` tinyint(4) NOT NULL,
  `Price` float NOT NULL,
  `IsActive` tinyint(4) NOT NULL,
  `CreatedAt` datetime NOT NULL,
  `UpdatedAt` datetime NOT NULL,
  `CreatedBy` int(11) NOT NULL,
  `UpdatedBy` int(11) NOT NULL
) ENGINE=InnoDB DEFAULT CHARSET=utf8;

--
-- Dumping data for table `types`
--

INSERT INTO `types` (`TypeID`, `SortOrder`, `Hide`, `Price`, `IsActive`, `CreatedAt`, `UpdatedAt`, `CreatedBy`, `UpdatedBy`) VALUES
(1, 0, 0, 100, 1, '2018-11-28 07:04:53', '2018-11-28 07:04:53', 1, 1),
(2, 1, 0, 200, 1, '2018-11-28 07:05:15', '2018-11-28 07:05:15', 1, 1),
(3, 2, 0, 300, 1, '2018-11-28 07:05:38', '2018-11-28 07:05:38', 1, 1);

-- --------------------------------------------------------

--
-- Table structure for table `types_text`
--

CREATE TABLE `types_text` (
  `TypeTextID` int(11) NOT NULL,
  `TypeID` int(11) NOT NULL,
  `Title` varchar(255) NOT NULL,
  `SystemLanguageID` int(11) NOT NULL,
  `CreatedAt` datetime NOT NULL,
  `UpdatedAt` datetime NOT NULL,
  `CreatedBy` int(11) NOT NULL,
  `UpdatedBy` int(11) NOT NULL
) ENGINE=InnoDB DEFAULT CHARSET=utf8;

--
-- Dumping data for table `types_text`
--

INSERT INTO `types_text` (`TypeTextID`, `TypeID`, `Title`, `SystemLanguageID`, `CreatedAt`, `UpdatedAt`, `CreatedBy`, `UpdatedBy`) VALUES
(1, 1, 'Silver', 1, '2018-11-28 07:04:53', '2018-11-28 07:04:53', 1, 1),
(2, 2, 'Pro', 1, '2018-11-28 07:05:15', '2018-11-28 07:05:15', 1, 1),
(3, 3, 'Platinum', 1, '2018-11-28 07:05:38', '2018-11-28 07:05:38', 1, 1);

-- --------------------------------------------------------

--
-- Table structure for table `users`
--

CREATE TABLE `users` (
  `UserID` int(11) NOT NULL,
  `RoleID` int(11) NOT NULL,
  `CityID` int(11) NOT NULL,
  `AccountTypeID` int(11) NOT NULL DEFAULT '1',
  `Gender` enum('Male','Female') NOT NULL,
  `Mobile` varchar(255) NOT NULL,
  `Phone` varchar(255) NOT NULL,
  `UName` varchar(255) NOT NULL,
  `Email` varchar(255) NOT NULL,
  `SecondaryEmail` varchar(255) NOT NULL,
  `CompressedImage` varchar(255) NOT NULL,
  `CoverImage` varchar(255) NOT NULL,
  `CompressedCoverImage` varchar(255) NOT NULL,
  `Password` varchar(255) NOT NULL,
  `DateOfBirth` date NOT NULL,
  `Image` varchar(500) NOT NULL,
  `Website` varchar(255) NOT NULL,
  `DeviceType` varchar(50) NOT NULL,
  `DeviceToken` varchar(255) NOT NULL,
  `Hide` tinyint(4) NOT NULL DEFAULT '0',
  `IsActive` tinyint(4) NOT NULL DEFAULT '1',
  `Notification` enum('on','off') NOT NULL DEFAULT 'on',
  `SortOrder` int(11) NOT NULL,
  `CreatedAt` varchar(255) NOT NULL,
  `CreatedBy` int(11) NOT NULL,
  `UpdatedAt` varchar(255) NOT NULL,
  `UpdatedBy` int(11) NOT NULL
) ENGINE=InnoDB DEFAULT CHARSET=utf8;

--
-- Dumping data for table `users`
--

INSERT INTO `users` (`UserID`, `RoleID`, `CityID`, `AccountTypeID`, `Gender`, `Mobile`, `Phone`, `UName`, `Email`, `SecondaryEmail`, `CompressedImage`, `CoverImage`, `CompressedCoverImage`, `Password`, `DateOfBirth`, `Image`, `Website`, `DeviceType`, `DeviceToken`, `Hide`, `IsActive`, `Notification`, `SortOrder`, `CreatedAt`, `CreatedBy`, `UpdatedAt`, `UpdatedBy`) VALUES
(1, 1, 1, 1, '', '', '', '', 'admin@hobbies.com', '', '', '', '', '25d55ad283aa400af464c76d713c07ad', '0000-00-00', '', '', '', '', 0, 1, 'on', 0, '1543388192', 0, '2018-05-09 13:35:18', 1),
(77, 2, 4, 2, 'Male', '', '', '', 'waqar@zynq.net', '', 'uploads/users/compressed/51814520181129074313user.jpg', 'uploads/users/48989420181129074313user.jpg', '', '25d55ad283aa400af464c76d713c07ad', '0000-00-00', 'uploads/users/89583420181129074313user.jpg', '', 'Android', 'cfESi1CCI4E:APA91bFhMAGplAuqMUAIrE48NloQ4qOWXFVq729w1eJEfxQhRpS_T_9wjOP3op0En3eQy6XibLLfT8UGcHRFr6wLzOLCACm5h7tQ9Ktw-o4d63dJgTVtL_QuGECc1hwh9WFK6x8yBIH8', 0, 1, 'on', 0, '1543474405', 0, '1543475623', 0),
(78, 2, 5, 3, 'Male', '', '+923323911622', '', 'salman@gmail.com', '', 'uploads/users/compressed/41028020181129100234groupCompressedImage.jpg', 'uploads/users/34906220181129081005groupImage.jpg', 'uploads/users/compressed/45286420181129081005groupCompressedImage.jpg', '25d55ad283aa400af464c76d713c07ad', '0000-00-00', 'uploads/users/78387820181129100234groupImage.jpg', '', 'iOS', '', 0, 1, 'on', 0, '1543475568', 0, '1543834018', 0),
(79, 2, 40, 3, 'Male', '', '', '', 'me@zynq.net', '', '', '', '', '25d55ad283aa400af464c76d713c07ad', '0000-00-00', '', '', 'iOS', '', 0, 1, 'on', 0, '1543489039', 0, '1543585761', 0),
(80, 2, 79, 3, 'Male', '', '', '', 'bilal.e@zynq.net', '', '', '', '', '202cb962ac59075b964b07152d234b70', '0000-00-00', '', '', 'Android', '', 0, 1, 'on', 0, '1543560927', 0, '1543560927', 0),
(81, 2, 51, 1, 'Male', '', '', '', 'M.alkahlani@hotmail.com', '', '', '', '', '8048af94f9cf072cf1878bd04881e899', '0000-00-00', '', '', 'iOS', '', 0, 1, 'on', 0, '1543664411', 0, '1543664411', 0),
(82, 2, 62, 1, 'Male', '', '', '', 'i@i.com', '', 'uploads/cover-default.png', '', '', '25d55ad283aa400af464c76d713c07ad', '0000-00-00', 'uploads/user-default.png', '', 'iOS', 'cPAoVy6hEVM:APA91bG-V-jXGPN1L-bDmUxclTT07Q0vvdShmtT39BVXlVEYdQ6bbhD7MZTe61TIFp_x9Ez29YV3NFdgB5U9nPht_FAP-nqh58lC_Kue8AtqAHni2hwnQKYgZAkEvt82L3BChenP7wcJ', 0, 1, 'on', 0, '1543834058', 0, '1543834058', 0);

-- --------------------------------------------------------

--
-- Table structure for table `users_text`
--

CREATE TABLE `users_text` (
  `UserTextID` int(11) NOT NULL,
  `UserID` int(11) NOT NULL,
  `FullName` varchar(255) NOT NULL,
  `Designation` varchar(255) NOT NULL COMMENT 'This field is to be used for designer type users',
  `Industry` varchar(255) NOT NULL COMMENT 'This field is to be used for company type users',
  `City` varchar(255) NOT NULL,
  `Bio` text NOT NULL,
  `SystemLanguageID` int(11) NOT NULL
) ENGINE=InnoDB DEFAULT CHARSET=utf8;

--
-- Dumping data for table `users_text`
--

INSERT INTO `users_text` (`UserTextID`, `UserID`, `FullName`, `Designation`, `Industry`, `City`, `Bio`, `SystemLanguageID`) VALUES
(6, 1, 'Admin', '', '', '', '', 1),
(78, 77, 'waqar', '', '', 'Badr', '', 1),
(79, 78, 'Muhammad Salman', '', '', '', 'This is testing testing testing testing testing', 1),
(80, 79, 'Basit Chughtai', '', '', '', '', 1),
(81, 80, 'Bilal Ejaz', '', '', 'Rumailah', '', 1),
(82, 81, 'Maram', '', '', '', '', 1),
(83, 82, 'Image ', '', '', '', '', 1);

-- --------------------------------------------------------

--
-- Table structure for table `user_followers`
--

CREATE TABLE `user_followers` (
  `UserFollowerID` int(11) NOT NULL,
  `Follower` int(11) NOT NULL,
  `Following` int(11) NOT NULL
) ENGINE=MyISAM DEFAULT CHARSET=utf8;

--
-- Dumping data for table `user_followers`
--

INSERT INTO `user_followers` (`UserFollowerID`, `Follower`, `Following`) VALUES
(1, 79, 77),
(2, 79, 78),
(3, 77, 80);

-- --------------------------------------------------------

--
-- Table structure for table `user_notifications`
--

CREATE TABLE `user_notifications` (
  `UserNotificationID` int(11) NOT NULL,
  `LoggedInUserID` int(11) NOT NULL,
  `Type` varchar(255) NOT NULL,
  `UserID` int(11) NOT NULL,
  `GroupID` int(11) NOT NULL,
  `PostID` int(11) NOT NULL,
  `PostCommentID` int(11) NOT NULL,
  `NotificationTypeID` int(11) NOT NULL,
  `CreatedAt` varchar(255) NOT NULL
) ENGINE=MyISAM DEFAULT CHARSET=utf8;

--
-- Dumping data for table `user_notifications`
--

INSERT INTO `user_notifications` (`UserNotificationID`, `LoggedInUserID`, `Type`, `UserID`, `GroupID`, `PostID`, `PostCommentID`, `NotificationTypeID`, `CreatedAt`) VALUES
(1, 77, 'comment', 77, 0, 1, 1, 10, '1543475539'),
(2, 0, 'comment', 77, 0, 1, 2, 10, '1543475541'),
(3, 0, 'comment', 78, 0, 3, 3, 10, '1543475798'),
(4, 77, 'comment', 77, 0, 1, 4, 10, '1543476379'),
(5, 77, 'comment', 77, 0, 1, 5, 10, '1543476407'),
(6, 77, 'comment', 77, 0, 1, 6, 10, '1543476449'),
(7, 77, 'comment', 77, 0, 1, 7, 10, '1543476524'),
(8, 77, 'group_join', 78, 1, 0, 0, 5, '1543476867'),
(9, 78, 'comment', 77, 0, 1, 8, 10, '1543476881'),
(10, 77, 'comment', 77, 0, 1, 8, 10, '1543476881'),
(11, 77, 'comment', 78, 0, 1, 9, 10, '1543476901'),
(12, 77, 'comment', 78, 0, 1, 9, 2, '1543476901'),
(13, 78, 'comment', 77, 0, 1, 10, 10, '1543478542'),
(14, 77, 'comment', 77, 0, 1, 10, 10, '1543478542'),
(15, 0, 'comment', 78, 0, 3, 11, 10, '1543483286'),
(16, 78, 'group_join', 77, 2, 0, 0, 5, '1543485659'),
(17, 78, 'like', 77, 0, 2, 0, 1, '1543485662'),
(18, 78, 'like', 77, 0, 2, 0, 1, '1543485736'),
(19, 0, 'comment', 77, 0, 2, 12, 10, '1543485755'),
(20, 78, 'comment', 77, 0, 2, 12, 2, '1543485755'),
(21, 78, 'like', 77, 0, 2, 0, 1, '1543486080'),
(22, 78, 'like', 77, 0, 2, 0, 1, '1543486111'),
(23, 78, 'like', 77, 0, 2, 0, 1, '1543486130'),
(24, 78, 'like', 77, 0, 3, 0, 1, '1543486151'),
(25, 78, 'like', 77, 0, 2, 0, 1, '1543486198'),
(26, 78, 'like', 77, 0, 2, 0, 1, '1543486212'),
(27, 78, 'like', 77, 0, 3, 0, 1, '1543486262'),
(28, 78, 'like', 77, 0, 2, 0, 1, '1543486379'),
(29, 78, 'like', 77, 0, 2, 0, 1, '1543486391'),
(30, 78, 'like', 77, 0, 3, 0, 1, '1543486797'),
(31, 78, 'like', 77, 0, 3, 0, 1, '1543486836'),
(32, 78, 'like', 77, 0, 3, 0, 1, '1543486873'),
(33, 77, 'comment', 78, 0, 3, 13, 10, '1543487697'),
(34, 78, 'user_type_updated', 0, 0, 0, 0, 8, '1543488184'),
(35, 77, 'group_join', 79, 1, 0, 0, 5, '1543489054'),
(36, 77, 'comment', 79, 0, 1, 14, 10, '1543489071'),
(37, 77, 'comment', 79, 0, 1, 14, 2, '1543489071'),
(38, 78, 'comment', 79, 0, 1, 15, 10, '1543489084'),
(39, 77, 'comment', 79, 0, 1, 15, 2, '1543489084'),
(40, 78, 'comment', 79, 0, 1, 16, 10, '1543489116'),
(41, 77, 'comment', 79, 0, 1, 16, 10, '1543489116'),
(42, 77, 'comment', 79, 0, 1, 16, 2, '1543489116'),
(43, 79, 'comment', 78, 0, 1, 17, 10, '1543489159'),
(44, 77, 'comment', 78, 0, 1, 17, 2, '1543489159'),
(45, 79, 'comment', 77, 0, 1, 18, 10, '1543489304'),
(46, 78, 'user_type_updated', 0, 0, 0, 0, 8, '1543490037'),
(47, 77, 'user_type_updated', 0, 0, 0, 0, 8, '1543490196'),
(48, 77, 'group_join', 78, 1, 0, 0, 5, '1543493943'),
(49, 78, 'group_join', 77, 2, 0, 0, 5, '1543493944'),
(50, 77, 'comment', 78, 0, 1, 19, 10, '1543493971'),
(51, 77, 'comment', 78, 0, 1, 19, 2, '1543493971'),
(52, 78, 'comment', 77, 0, 2, 20, 10, '1543493981'),
(53, 78, 'comment', 77, 0, 2, 20, 2, '1543493981'),
(54, 78, 'comment', 77, 0, 2, 21, 10, '1543494352'),
(55, 78, 'comment', 77, 0, 2, 21, 2, '1543494358'),
(56, 77, 'comment', 78, 0, 2, 22, 10, '1543494451'),
(57, 78, 'comment', 77, 0, 1, 23, 10, '1543494792'),
(58, 0, 'comment', 78, 0, 1, 24, 10, '1543494808'),
(59, 77, 'comment', 78, 0, 1, 24, 2, '1543494808'),
(60, 77, 'comment', 78, 0, 1, 25, 10, '1543494831'),
(61, 77, 'comment', 78, 0, 1, 25, 2, '1543494837'),
(62, 78, 'comment', 77, 0, 1, 1, 10, '1543495407'),
(63, 77, 'comment', 78, 0, 1, 2, 10, '1543495428'),
(64, 77, 'comment', 78, 0, 1, 2, 2, '1543495434'),
(65, 0, 'comment', 78, 0, 1, 3, 10, '1543495463'),
(66, 77, 'comment', 78, 0, 1, 3, 2, '1543495463'),
(67, 78, 'comment', 77, 0, 1, 4, 10, '1543495490'),
(68, 77, 'comment', 78, 0, 1, 5, 10, '1543496131'),
(69, 77, 'comment', 78, 0, 1, 5, 2, '1543496132'),
(70, 0, 'comment', 77, 0, 1, 6, 10, '1543497463'),
(71, 0, 'comment', 78, 0, 1, 7, 10, '1543497465'),
(72, 77, 'comment', 78, 0, 1, 7, 2, '1543497465'),
(73, 77, 'comment', 78, 0, 1, 8, 10, '1543497483'),
(74, 77, 'comment', 78, 0, 1, 8, 2, '1543497483'),
(75, 0, 'comment', 78, 0, 1, 9, 10, '1543497497'),
(76, 77, 'comment', 78, 0, 1, 9, 2, '1543497497'),
(77, 0, 'comment', 77, 0, 1, 10, 10, '1543497504'),
(78, 78, 'comment', 77, 0, 1, 11, 10, '1543497520'),
(79, 77, 'comment', 78, 0, 1, 12, 10, '1543497530'),
(80, 77, 'comment', 78, 0, 1, 12, 2, '1543497530'),
(81, 0, 'comment', 77, 0, 1, 13, 10, '1543497553'),
(82, 0, 'comment', 78, 0, 1, 14, 10, '1543497554'),
(83, 77, 'comment', 78, 0, 1, 14, 2, '1543497554'),
(84, 78, 'comment', 77, 0, 1, 15, 10, '1543497571'),
(85, 77, 'follow', 79, 0, 0, 0, 4, '1543508498'),
(86, 78, 'follow', 79, 0, 0, 0, 4, '1543508504'),
(87, 77, 'comment', 79, 0, 1, 1, 10, '1543508544'),
(88, 77, 'comment', 79, 0, 1, 1, 2, '1543508544'),
(89, 79, 'user_type_updated', 0, 0, 0, 0, 9, '1543557027'),
(90, 78, 'user_type_updated', 0, 0, 0, 0, 9, '1543557096'),
(91, 77, 'comment', 78, 0, 1, 3, 10, '1543557713'),
(92, 77, 'comment', 78, 0, 1, 3, 2, '1543557713'),
(93, 0, 'comment', 78, 0, 1, 4, 10, '1543557723'),
(94, 77, 'comment', 78, 0, 1, 4, 2, '1543557723'),
(95, 0, 'comment', 78, 0, 1, 5, 10, '1543557758'),
(96, 77, 'comment', 78, 0, 1, 5, 2, '1543557758'),
(97, 79, 'comment', 78, 0, 1, 6, 10, '1543557810'),
(98, 77, 'comment', 78, 0, 1, 6, 2, '1543557811'),
(99, 0, 'comment', 77, 0, 1, 7, 10, '1543557903'),
(100, 79, 'comment', 77, 0, 1, 8, 10, '1543557912'),
(101, 0, 'comment', 77, 0, 1, 9, 10, '1543557979'),
(102, 78, 'comment', 79, 0, 1, 10, 10, '1543559019'),
(103, 77, 'comment', 79, 0, 1, 10, 2, '1543559020'),
(104, 0, 'comment', 77, 0, 1, 11, 10, '1543559255'),
(105, 0, 'comment', 79, 0, 1, 12, 10, '1543559622'),
(106, 77, 'comment', 79, 0, 1, 12, 2, '1543559622'),
(107, 77, 'group_join', 80, 1, 0, 0, 5, '1543561130'),
(108, 0, 'comment', 80, 0, 1, 13, 10, '1543561254'),
(109, 77, 'comment', 80, 0, 1, 13, 2, '1543561254'),
(110, 0, 'comment', 80, 0, 1, 14, 10, '1543561444'),
(111, 77, 'comment', 80, 0, 1, 14, 2, '1543561444'),
(112, 0, 'comment', 80, 0, 1, 15, 10, '1543561679'),
(113, 77, 'comment', 80, 0, 1, 15, 2, '1543561679'),
(114, 0, 'comment', 80, 0, 1, 16, 10, '1543561797'),
(115, 77, 'comment', 80, 0, 1, 16, 2, '1543561797'),
(116, 0, 'comment', 78, 0, 3, 17, 10, '1543562088'),
(117, 0, 'comment', 78, 0, 1, 18, 10, '1543564904'),
(118, 77, 'comment', 78, 0, 1, 18, 2, '1543564904'),
(119, 0, 'comment', 78, 0, 2, 19, 10, '1543564981'),
(120, 0, 'comment', 78, 0, 2, 20, 10, '1543565010'),
(121, 0, 'comment', 78, 0, 1, 21, 10, '1543565597'),
(122, 77, 'comment', 78, 0, 1, 21, 2, '1543565597'),
(123, 80, 'follow', 77, 0, 0, 0, 4, '1543573694');

-- --------------------------------------------------------

--
-- Table structure for table `user_types`
--

CREATE TABLE `user_types` (
  `User_typeID` int(11) NOT NULL,
  `SortOrder` int(11) NOT NULL,
  `Hide` tinyint(4) NOT NULL,
  `IsActive` tinyint(4) NOT NULL,
  `CreatedAt` datetime NOT NULL,
  `UpdatedAt` datetime NOT NULL,
  `CreatedBy` int(11) NOT NULL,
  `UpdatedBy` int(11) NOT NULL
) ENGINE=MyISAM DEFAULT CHARSET=utf8;

--
-- Dumping data for table `user_types`
--

INSERT INTO `user_types` (`User_typeID`, `SortOrder`, `Hide`, `IsActive`, `CreatedAt`, `UpdatedAt`, `CreatedBy`, `UpdatedBy`) VALUES
(1, 0, 0, 1, '2018-11-22 13:48:08', '2018-11-22 13:48:08', 1, 1),
(2, 1, 0, 1, '2018-11-22 13:48:25', '2018-11-22 13:48:25', 1, 1);

-- --------------------------------------------------------

--
-- Table structure for table `user_types_text`
--

CREATE TABLE `user_types_text` (
  `User_typeTextID` int(11) NOT NULL,
  `User_typeID` int(11) NOT NULL,
  `Title` varchar(255) NOT NULL,
  `SystemLanguageID` int(11) NOT NULL,
  `CreatedAt` datetime NOT NULL,
  `UpdatedAt` datetime NOT NULL,
  `CreatedBy` int(11) NOT NULL,
  `UpdatedBy` int(11) NOT NULL
) ENGINE=MyISAM DEFAULT CHARSET=utf8;

--
-- Dumping data for table `user_types_text`
--

INSERT INTO `user_types_text` (`User_typeTextID`, `User_typeID`, `Title`, `SystemLanguageID`, `CreatedAt`, `UpdatedAt`, `CreatedBy`, `UpdatedBy`) VALUES
(1, 1, 'Basic', 1, '2018-11-22 13:48:08', '2018-11-22 13:48:08', 1, 1),
(2, 2, 'Pro', 1, '2018-11-22 13:48:25', '2018-11-22 13:48:25', 1, 1);

--
-- Indexes for dumped tables
--

--
-- Indexes for table `account_upgrade_requests`
--
ALTER TABLE `account_upgrade_requests`
  ADD PRIMARY KEY (`AccountUpgradeRequestID`);

--
-- Indexes for table `account_upgrade_requests_new`
--
ALTER TABLE `account_upgrade_requests_new`
  ADD PRIMARY KEY (`AccountUpgradeRequestID`);

--
-- Indexes for table `badges`
--
ALTER TABLE `badges`
  ADD PRIMARY KEY (`BadgeID`);

--
-- Indexes for table `badges_text`
--
ALTER TABLE `badges_text`
  ADD PRIMARY KEY (`BadgeTextID`),
  ADD KEY `badges_text_BadgeID_fk` (`BadgeID`);

--
-- Indexes for table `badge_requests`
--
ALTER TABLE `badge_requests`
  ADD PRIMARY KEY (`BadgeRequestID`);

--
-- Indexes for table `badge_request_attachments`
--
ALTER TABLE `badge_request_attachments`
  ADD PRIMARY KEY (`BadgeRequestAttachmentID`);

--
-- Indexes for table `categories`
--
ALTER TABLE `categories`
  ADD PRIMARY KEY (`CategoryID`);

--
-- Indexes for table `categories_text`
--
ALTER TABLE `categories_text`
  ADD PRIMARY KEY (`CategoryTextID`),
  ADD KEY `categories_text_CategoryID_fk` (`CategoryID`);

--
-- Indexes for table `chats`
--
ALTER TABLE `chats`
  ADD PRIMARY KEY (`ChatID`);

--
-- Indexes for table `chat_group`
--
ALTER TABLE `chat_group`
  ADD PRIMARY KEY (`ChatGroupID`);

--
-- Indexes for table `chat_group_joinees`
--
ALTER TABLE `chat_group_joinees`
  ADD PRIMARY KEY (`ChatGroupJoineeID`);

--
-- Indexes for table `chat_messages`
--
ALTER TABLE `chat_messages`
  ADD PRIMARY KEY (`ChatMessageID`);

--
-- Indexes for table `cities`
--
ALTER TABLE `cities`
  ADD PRIMARY KEY (`CityID`),
  ADD KEY `DistrictID` (`DistrictID`);

--
-- Indexes for table `cities_text`
--
ALTER TABLE `cities_text`
  ADD PRIMARY KEY (`CityTextID`),
  ADD KEY `FK_cities_text` (`CityID`);

--
-- Indexes for table `districts`
--
ALTER TABLE `districts`
  ADD PRIMARY KEY (`DistrictID`);

--
-- Indexes for table `districts_text`
--
ALTER TABLE `districts_text`
  ADD PRIMARY KEY (`DistrictTextID`),
  ADD KEY `DistrictID` (`DistrictID`);

--
-- Indexes for table `email_templates`
--
ALTER TABLE `email_templates`
  ADD PRIMARY KEY (`Email_templateID`);

--
-- Indexes for table `email_templates_text`
--
ALTER TABLE `email_templates_text`
  ADD PRIMARY KEY (`Email_templateTextID`),
  ADD KEY `email_templates_text_Email_templateID_fk` (`Email_templateID`);

--
-- Indexes for table `groups`
--
ALTER TABLE `groups`
  ADD PRIMARY KEY (`GroupID`);

--
-- Indexes for table `groups_text`
--
ALTER TABLE `groups_text`
  ADD PRIMARY KEY (`GroupTextID`),
  ADD KEY `groups_text_GroupID_fk` (`GroupID`);

--
-- Indexes for table `group_invitations`
--
ALTER TABLE `group_invitations`
  ADD PRIMARY KEY (`GroupInvitationID`);

--
-- Indexes for table `group_members`
--
ALTER TABLE `group_members`
  ADD PRIMARY KEY (`GroupMemberID`);

--
-- Indexes for table `languages`
--
ALTER TABLE `languages`
  ADD PRIMARY KEY (`LanguageID`);

--
-- Indexes for table `modules`
--
ALTER TABLE `modules`
  ADD PRIMARY KEY (`ModuleID`);

--
-- Indexes for table `modules_rights`
--
ALTER TABLE `modules_rights`
  ADD PRIMARY KEY (`ModuleRightID`),
  ADD KEY `fk_ModuleID` (`ModuleID`);

--
-- Indexes for table `modules_text`
--
ALTER TABLE `modules_text`
  ADD PRIMARY KEY (`ModuleTextID`),
  ADD KEY `ModuleID` (`ModuleID`);

--
-- Indexes for table `modules_users_rights`
--
ALTER TABLE `modules_users_rights`
  ADD PRIMARY KEY (`ModuleRightID`),
  ADD KEY `fk_ModuleID` (`ModuleID`);

--
-- Indexes for table `notification_types`
--
ALTER TABLE `notification_types`
  ADD PRIMARY KEY (`NotificationTypeID`);

--
-- Indexes for table `posts`
--
ALTER TABLE `posts`
  ADD PRIMARY KEY (`PostID`);

--
-- Indexes for table `posts_reported`
--
ALTER TABLE `posts_reported`
  ADD PRIMARY KEY (`PostReportID`);

--
-- Indexes for table `posts_text`
--
ALTER TABLE `posts_text`
  ADD PRIMARY KEY (`PostTextID`);

--
-- Indexes for table `post_comments`
--
ALTER TABLE `post_comments`
  ADD PRIMARY KEY (`PostCommentID`);

--
-- Indexes for table `post_comment_images`
--
ALTER TABLE `post_comment_images`
  ADD PRIMARY KEY (`PostCommentImageID`);

--
-- Indexes for table `post_images`
--
ALTER TABLE `post_images`
  ADD PRIMARY KEY (`PostImageID`);

--
-- Indexes for table `post_likes`
--
ALTER TABLE `post_likes`
  ADD PRIMARY KEY (`PostLikeID`);

--
-- Indexes for table `post_shares`
--
ALTER TABLE `post_shares`
  ADD PRIMARY KEY (`PostShareID`);

--
-- Indexes for table `post_videos`
--
ALTER TABLE `post_videos`
  ADD PRIMARY KEY (`PostVideoID`);

--
-- Indexes for table `reported_comments`
--
ALTER TABLE `reported_comments`
  ADD PRIMARY KEY (`ReportedCommentID`);

--
-- Indexes for table `report_groups`
--
ALTER TABLE `report_groups`
  ADD PRIMARY KEY (`ReportGroupID`);

--
-- Indexes for table `roles`
--
ALTER TABLE `roles`
  ADD PRIMARY KEY (`RoleID`);

--
-- Indexes for table `roles_text`
--
ALTER TABLE `roles_text`
  ADD PRIMARY KEY (`RoleTextID`),
  ADD KEY `RoleID` (`RoleID`);

--
-- Indexes for table `site_settings`
--
ALTER TABLE `site_settings`
  ADD PRIMARY KEY (`SiteSettingID`);

--
-- Indexes for table `suggested_hobbies`
--
ALTER TABLE `suggested_hobbies`
  ADD PRIMARY KEY (`SuggestionID`);

--
-- Indexes for table `system_languages`
--
ALTER TABLE `system_languages`
  ADD PRIMARY KEY (`SystemLanguageID`);

--
-- Indexes for table `types`
--
ALTER TABLE `types`
  ADD PRIMARY KEY (`TypeID`);

--
-- Indexes for table `types_text`
--
ALTER TABLE `types_text`
  ADD PRIMARY KEY (`TypeTextID`),
  ADD KEY `types_text_TypeID_fk` (`TypeID`);

--
-- Indexes for table `users`
--
ALTER TABLE `users`
  ADD PRIMARY KEY (`UserID`),
  ADD KEY `users_ibfk_1` (`RoleID`);

--
-- Indexes for table `users_text`
--
ALTER TABLE `users_text`
  ADD PRIMARY KEY (`UserTextID`),
  ADD KEY `RoleID` (`UserID`);

--
-- Indexes for table `user_followers`
--
ALTER TABLE `user_followers`
  ADD PRIMARY KEY (`UserFollowerID`);

--
-- Indexes for table `user_notifications`
--
ALTER TABLE `user_notifications`
  ADD PRIMARY KEY (`UserNotificationID`);

--
-- Indexes for table `user_types`
--
ALTER TABLE `user_types`
  ADD PRIMARY KEY (`User_typeID`);

--
-- Indexes for table `user_types_text`
--
ALTER TABLE `user_types_text`
  ADD PRIMARY KEY (`User_typeTextID`),
  ADD KEY `user_types_text_User_typeID_fk` (`User_typeID`);

--
-- AUTO_INCREMENT for dumped tables
--

--
-- AUTO_INCREMENT for table `account_upgrade_requests`
--
ALTER TABLE `account_upgrade_requests`
  MODIFY `AccountUpgradeRequestID` int(11) NOT NULL AUTO_INCREMENT;

--
-- AUTO_INCREMENT for table `account_upgrade_requests_new`
--
ALTER TABLE `account_upgrade_requests_new`
  MODIFY `AccountUpgradeRequestID` int(11) NOT NULL AUTO_INCREMENT, AUTO_INCREMENT=4;

--
-- AUTO_INCREMENT for table `badges`
--
ALTER TABLE `badges`
  MODIFY `BadgeID` int(11) NOT NULL AUTO_INCREMENT, AUTO_INCREMENT=5;

--
-- AUTO_INCREMENT for table `badges_text`
--
ALTER TABLE `badges_text`
  MODIFY `BadgeTextID` int(11) NOT NULL AUTO_INCREMENT, AUTO_INCREMENT=5;

--
-- AUTO_INCREMENT for table `badge_requests`
--
ALTER TABLE `badge_requests`
  MODIFY `BadgeRequestID` int(11) NOT NULL AUTO_INCREMENT, AUTO_INCREMENT=4;

--
-- AUTO_INCREMENT for table `badge_request_attachments`
--
ALTER TABLE `badge_request_attachments`
  MODIFY `BadgeRequestAttachmentID` int(11) NOT NULL AUTO_INCREMENT, AUTO_INCREMENT=3;

--
-- AUTO_INCREMENT for table `categories`
--
ALTER TABLE `categories`
  MODIFY `CategoryID` int(11) NOT NULL AUTO_INCREMENT, AUTO_INCREMENT=167;

--
-- AUTO_INCREMENT for table `categories_text`
--
ALTER TABLE `categories_text`
  MODIFY `CategoryTextID` int(11) NOT NULL AUTO_INCREMENT, AUTO_INCREMENT=139;

--
-- AUTO_INCREMENT for table `chats`
--
ALTER TABLE `chats`
  MODIFY `ChatID` int(11) NOT NULL AUTO_INCREMENT, AUTO_INCREMENT=3;

--
-- AUTO_INCREMENT for table `chat_group`
--
ALTER TABLE `chat_group`
  MODIFY `ChatGroupID` int(11) NOT NULL AUTO_INCREMENT;

--
-- AUTO_INCREMENT for table `chat_group_joinees`
--
ALTER TABLE `chat_group_joinees`
  MODIFY `ChatGroupJoineeID` int(11) NOT NULL AUTO_INCREMENT;

--
-- AUTO_INCREMENT for table `chat_messages`
--
ALTER TABLE `chat_messages`
  MODIFY `ChatMessageID` int(11) NOT NULL AUTO_INCREMENT, AUTO_INCREMENT=15;

--
-- AUTO_INCREMENT for table `cities`
--
ALTER TABLE `cities`
  MODIFY `CityID` int(11) NOT NULL AUTO_INCREMENT, AUTO_INCREMENT=112;

--
-- AUTO_INCREMENT for table `cities_text`
--
ALTER TABLE `cities_text`
  MODIFY `CityTextID` int(11) NOT NULL AUTO_INCREMENT, AUTO_INCREMENT=247;

--
-- AUTO_INCREMENT for table `districts`
--
ALTER TABLE `districts`
  MODIFY `DistrictID` int(11) NOT NULL AUTO_INCREMENT, AUTO_INCREMENT=6;

--
-- AUTO_INCREMENT for table `districts_text`
--
ALTER TABLE `districts_text`
  MODIFY `DistrictTextID` int(11) NOT NULL AUTO_INCREMENT, AUTO_INCREMENT=6;

--
-- AUTO_INCREMENT for table `email_templates`
--
ALTER TABLE `email_templates`
  MODIFY `Email_templateID` int(11) NOT NULL AUTO_INCREMENT, AUTO_INCREMENT=6;

--
-- AUTO_INCREMENT for table `email_templates_text`
--
ALTER TABLE `email_templates_text`
  MODIFY `Email_templateTextID` int(11) NOT NULL AUTO_INCREMENT, AUTO_INCREMENT=7;

--
-- AUTO_INCREMENT for table `groups`
--
ALTER TABLE `groups`
  MODIFY `GroupID` int(11) NOT NULL AUTO_INCREMENT, AUTO_INCREMENT=3;

--
-- AUTO_INCREMENT for table `groups_text`
--
ALTER TABLE `groups_text`
  MODIFY `GroupTextID` int(11) NOT NULL AUTO_INCREMENT, AUTO_INCREMENT=3;

--
-- AUTO_INCREMENT for table `group_invitations`
--
ALTER TABLE `group_invitations`
  MODIFY `GroupInvitationID` int(11) NOT NULL AUTO_INCREMENT;

--
-- AUTO_INCREMENT for table `group_members`
--
ALTER TABLE `group_members`
  MODIFY `GroupMemberID` int(11) NOT NULL AUTO_INCREMENT, AUTO_INCREMENT=10;

--
-- AUTO_INCREMENT for table `languages`
--
ALTER TABLE `languages`
  MODIFY `LanguageID` int(11) NOT NULL AUTO_INCREMENT;

--
-- AUTO_INCREMENT for table `modules`
--
ALTER TABLE `modules`
  MODIFY `ModuleID` int(11) NOT NULL AUTO_INCREMENT, AUTO_INCREMENT=67;

--
-- AUTO_INCREMENT for table `modules_rights`
--
ALTER TABLE `modules_rights`
  MODIFY `ModuleRightID` int(11) NOT NULL AUTO_INCREMENT, AUTO_INCREMENT=178;

--
-- AUTO_INCREMENT for table `modules_text`
--
ALTER TABLE `modules_text`
  MODIFY `ModuleTextID` int(11) NOT NULL AUTO_INCREMENT, AUTO_INCREMENT=56;

--
-- AUTO_INCREMENT for table `modules_users_rights`
--
ALTER TABLE `modules_users_rights`
  MODIFY `ModuleRightID` int(11) NOT NULL AUTO_INCREMENT, AUTO_INCREMENT=412;

--
-- AUTO_INCREMENT for table `notification_types`
--
ALTER TABLE `notification_types`
  MODIFY `NotificationTypeID` int(11) NOT NULL AUTO_INCREMENT, AUTO_INCREMENT=12;

--
-- AUTO_INCREMENT for table `posts`
--
ALTER TABLE `posts`
  MODIFY `PostID` int(11) NOT NULL AUTO_INCREMENT, AUTO_INCREMENT=5;

--
-- AUTO_INCREMENT for table `posts_reported`
--
ALTER TABLE `posts_reported`
  MODIFY `PostReportID` int(11) NOT NULL AUTO_INCREMENT;

--
-- AUTO_INCREMENT for table `posts_text`
--
ALTER TABLE `posts_text`
  MODIFY `PostTextID` int(11) NOT NULL AUTO_INCREMENT, AUTO_INCREMENT=5;

--
-- AUTO_INCREMENT for table `post_comments`
--
ALTER TABLE `post_comments`
  MODIFY `PostCommentID` int(11) NOT NULL AUTO_INCREMENT, AUTO_INCREMENT=22;

--
-- AUTO_INCREMENT for table `post_comment_images`
--
ALTER TABLE `post_comment_images`
  MODIFY `PostCommentImageID` int(11) NOT NULL AUTO_INCREMENT, AUTO_INCREMENT=6;

--
-- AUTO_INCREMENT for table `post_images`
--
ALTER TABLE `post_images`
  MODIFY `PostImageID` int(11) NOT NULL AUTO_INCREMENT, AUTO_INCREMENT=3;

--
-- AUTO_INCREMENT for table `post_likes`
--
ALTER TABLE `post_likes`
  MODIFY `PostLikeID` int(11) NOT NULL AUTO_INCREMENT, AUTO_INCREMENT=17;

--
-- AUTO_INCREMENT for table `post_shares`
--
ALTER TABLE `post_shares`
  MODIFY `PostShareID` int(11) NOT NULL AUTO_INCREMENT;

--
-- AUTO_INCREMENT for table `post_videos`
--
ALTER TABLE `post_videos`
  MODIFY `PostVideoID` int(11) NOT NULL AUTO_INCREMENT;

--
-- AUTO_INCREMENT for table `reported_comments`
--
ALTER TABLE `reported_comments`
  MODIFY `ReportedCommentID` int(11) NOT NULL AUTO_INCREMENT, AUTO_INCREMENT=6;

--
-- AUTO_INCREMENT for table `report_groups`
--
ALTER TABLE `report_groups`
  MODIFY `ReportGroupID` int(11) NOT NULL AUTO_INCREMENT;

--
-- AUTO_INCREMENT for table `roles`
--
ALTER TABLE `roles`
  MODIFY `RoleID` int(11) NOT NULL AUTO_INCREMENT, AUTO_INCREMENT=4;

--
-- AUTO_INCREMENT for table `roles_text`
--
ALTER TABLE `roles_text`
  MODIFY `RoleTextID` int(11) NOT NULL AUTO_INCREMENT, AUTO_INCREMENT=5;

--
-- AUTO_INCREMENT for table `site_settings`
--
ALTER TABLE `site_settings`
  MODIFY `SiteSettingID` int(11) NOT NULL AUTO_INCREMENT, AUTO_INCREMENT=2;

--
-- AUTO_INCREMENT for table `suggested_hobbies`
--
ALTER TABLE `suggested_hobbies`
  MODIFY `SuggestionID` int(11) NOT NULL AUTO_INCREMENT;

--
-- AUTO_INCREMENT for table `system_languages`
--
ALTER TABLE `system_languages`
  MODIFY `SystemLanguageID` int(11) NOT NULL AUTO_INCREMENT, AUTO_INCREMENT=3;

--
-- AUTO_INCREMENT for table `types`
--
ALTER TABLE `types`
  MODIFY `TypeID` int(11) NOT NULL AUTO_INCREMENT, AUTO_INCREMENT=4;

--
-- AUTO_INCREMENT for table `types_text`
--
ALTER TABLE `types_text`
  MODIFY `TypeTextID` int(11) NOT NULL AUTO_INCREMENT, AUTO_INCREMENT=4;

--
-- AUTO_INCREMENT for table `users`
--
ALTER TABLE `users`
  MODIFY `UserID` int(11) NOT NULL AUTO_INCREMENT, AUTO_INCREMENT=83;

--
-- AUTO_INCREMENT for table `users_text`
--
ALTER TABLE `users_text`
  MODIFY `UserTextID` int(11) NOT NULL AUTO_INCREMENT, AUTO_INCREMENT=84;

--
-- AUTO_INCREMENT for table `user_followers`
--
ALTER TABLE `user_followers`
  MODIFY `UserFollowerID` int(11) NOT NULL AUTO_INCREMENT, AUTO_INCREMENT=4;

--
-- AUTO_INCREMENT for table `user_notifications`
--
ALTER TABLE `user_notifications`
  MODIFY `UserNotificationID` int(11) NOT NULL AUTO_INCREMENT, AUTO_INCREMENT=124;

--
-- AUTO_INCREMENT for table `user_types`
--
ALTER TABLE `user_types`
  MODIFY `User_typeID` int(11) NOT NULL AUTO_INCREMENT, AUTO_INCREMENT=3;

--
-- AUTO_INCREMENT for table `user_types_text`
--
ALTER TABLE `user_types_text`
  MODIFY `User_typeTextID` int(11) NOT NULL AUTO_INCREMENT, AUTO_INCREMENT=3;

--
-- Constraints for dumped tables
--

--
-- Constraints for table `categories_text`
--
ALTER TABLE `categories_text`
  ADD CONSTRAINT `categories_text_CategoryID_fk` FOREIGN KEY (`CategoryID`) REFERENCES `categories` (`CategoryID`) ON DELETE CASCADE ON UPDATE CASCADE;

--
-- Constraints for table `cities`
--
ALTER TABLE `cities`
  ADD CONSTRAINT `cities_ibfk_1` FOREIGN KEY (`DistrictID`) REFERENCES `districts` (`DistrictID`);

--
-- Constraints for table `cities_text`
--
ALTER TABLE `cities_text`
  ADD CONSTRAINT `FK_cities_text` FOREIGN KEY (`CityID`) REFERENCES `cities` (`CityID`);

--
-- Constraints for table `districts_text`
--
ALTER TABLE `districts_text`
  ADD CONSTRAINT `districts_text_ibfk_1` FOREIGN KEY (`DistrictID`) REFERENCES `districts` (`DistrictID`);

--
-- Constraints for table `email_templates_text`
--
ALTER TABLE `email_templates_text`
  ADD CONSTRAINT `email_templates_text_Email_templateID_fk` FOREIGN KEY (`Email_templateID`) REFERENCES `email_templates` (`Email_templateID`) ON DELETE CASCADE ON UPDATE CASCADE;

--
-- Constraints for table `groups_text`
--
ALTER TABLE `groups_text`
  ADD CONSTRAINT `groups_text_GroupID_fk` FOREIGN KEY (`GroupID`) REFERENCES `groups` (`GroupID`) ON DELETE CASCADE ON UPDATE CASCADE;

--
-- Constraints for table `modules_rights`
--
ALTER TABLE `modules_rights`
  ADD CONSTRAINT `fk_ModuleID` FOREIGN KEY (`ModuleID`) REFERENCES `modules` (`ModuleID`);

--
-- Constraints for table `modules_text`
--
ALTER TABLE `modules_text`
  ADD CONSTRAINT `modules_text_ibfk_1` FOREIGN KEY (`ModuleID`) REFERENCES `modules` (`ModuleID`);

--
-- Constraints for table `roles_text`
--
ALTER TABLE `roles_text`
  ADD CONSTRAINT `roles_text_ibfk_1` FOREIGN KEY (`RoleID`) REFERENCES `roles` (`RoleID`);

--
-- Constraints for table `types_text`
--
ALTER TABLE `types_text`
  ADD CONSTRAINT `types_text_TypeID_fk` FOREIGN KEY (`TypeID`) REFERENCES `types` (`TypeID`) ON DELETE CASCADE ON UPDATE CASCADE;

--
-- Constraints for table `users`
--
ALTER TABLE `users`
  ADD CONSTRAINT `users_ibfk_1` FOREIGN KEY (`RoleID`) REFERENCES `roles` (`RoleID`) ON UPDATE CASCADE;

--
-- Constraints for table `users_text`
--
ALTER TABLE `users_text`
  ADD CONSTRAINT `users_text_ibfk_1` FOREIGN KEY (`UserID`) REFERENCES `users` (`UserID`);
COMMIT;

/*!40101 SET CHARACTER_SET_CLIENT=@OLD_CHARACTER_SET_CLIENT */;
/*!40101 SET CHARACTER_SET_RESULTS=@OLD_CHARACTER_SET_RESULTS */;
/*!40101 SET COLLATION_CONNECTION=@OLD_COLLATION_CONNECTION */;
